#VRML V2.0 utf8
# 3D model generated by easyeda2kicad.py (https://github.com/uPesy/easyeda2kicad.py)

Shape{
    appearance Appearance {
        material  Material 	{
            diffuseColor 0.20784313725490197 0.20784313725490197 0.20784313725490197
            specularColor 0.01568627450980392 0.01568627450980392 0.01568627450980392
            ambientIntensity 0.2
            transparency 0
            shininess 0.5
        }
    }
    geometry IndexedFaceSet {
        ccw TRUE
        solid FALSE
        coord DEF co Coordinate {
            point [
                -0.0052 -0.3142 -0.0394, -0.0052 -0.2756 -0.0394, 0.0524 -0.2756 -0.0394, 0.4626 -0.3445 -0.0394, 0.5709 -0.3445 -0.0394, 0.5709 -0.3939 -0.0394, -0.0492 0.4626 -0.0394, -0.0492 0.5709 -0.0394, -0.0052 0.5709 -0.0394, 0.1112 0.4151 -0.0394, 0.122 0.4196 -0.0394, 0.122 0.2756 -0.0394, 0.0524 -0.3939 -0.0394, 0.0524 -0.3142 -0.0394, 0.0601 -0.3807 -0.0394, 0.0601 -0.3893 -0.0394, 0.0685 -0.3927 -0.0394, 0.0764 -0.3939 -0.0394, 0.0716 -0.3142 -0.0394, 0.0692 -0.3143 -0.0394, 0.0601 -0.3168 -0.0394, 0.0601 -0.3274 -0.0394, 0.0689 -0.3236 -0.0394, 0.0615 -0.3814 -0.0394, 0.0785 -0.3223 -0.0394, 0.0863 -0.3232 -0.0394, 0.0922 -0.3253 -0.0394, 0.0976 -0.329 -0.0394, 0.1024 -0.3342 -0.0394, 0.1081 -0.3548 -0.0394, 0.1073 -0.3634 -0.0394, 0.1051 -0.3701 -0.0394, 0.0876 -0.3849 -0.0394, 0.0803 -0.3857 -0.0394, 0.0934 -0.3828 -0.0394, 0.0982 -0.3795 -0.0394, 0.1019 -0.3756 -0.0394, 0.0698 -0.3845 -0.0394, 0.1056 -0.3403 -0.0394, 0.1077 -0.3487 -0.0394, 0.1054 -0.3867 -0.0394, 0.1113 -0.3804 -0.0394, 0.122 -0.3939 -0.0394, 0.1155 -0.3729 -0.0394, 0.1145 -0.3354 -0.0394, 0.1099 -0.328 -0.0394, 0.122 -0.3142 -0.0394, 0.1028 -0.3212 -0.0394, 0.0864 -0.3939 -0.0394, 0.0914 -0.3933 -0.0394, 0.0991 -0.3907 -0.0394, 0.0953 -0.3169 -0.0394, 0.0865 -0.3143 -0.0394, 0.0845 -0.3142 -0.0394, 0.1179 -0.3646 -0.0394, 0.1186 -0.3555 -0.0394, 0.1175 -0.3443 -0.0394, 0.123 -0.42 -0.0394, 0.122 -0.4196 -0.0394, 0.1112 -0.4151 -0.0394, 0.0984 -0.4134 -0.0394, 0.0817 -0.3943 -0.0394, 0.0857 -0.4151 -0.0394, 0.0636 -0.4278 -0.0394, 0.0738 -0.42 -0.0394, 0.0796 -0.3943 -0.0394, 0.1969 0.2756 -0.0394, 0.123 0.42 -0.0394, 0.1332 0.4278 -0.0394, 0.141 0.438 -0.0394, 0.146 0.4499 -0.0394, 0.2206 0.5709 -0.0394, 0.1476 0.4626 -0.0394, 0.1476 0.5709 -0.0394, 0.0524 0.4462 -0.0394, 0.0558 0.438 -0.0394, 0.0524 0.2756 -0.0394, 0.0636 0.4278 -0.0394, 0.0738 0.42 -0.0394, 0.0857 0.4151 -0.0394, 0.0984 0.4134 -0.0394, 0.0509 0.4499 -0.0394, -0.0052 0.2756 -0.0394, 0.0492 0.4626 -0.0394, -0.0792 0.2756 -0.0394, -0.0792 0.4178 -0.0394, -0.0738 0.42 -0.0394, -0.0636 0.4278 -0.0394, -0.0558 0.438 -0.0394, -0.0509 0.4499 -0.0394, 0.0492 0.5709 -0.0394, -0.3428 0.4499 -0.0394, -0.5709 0.5709 -0.0394, -0.3445 0.4626 -0.0394, -0.3445 0.5709 -0.0394, -0.1112 0.4151 -0.0394, -0.0984 0.4134 -0.0394, -0.0857 0.4151 -0.0394, -0.3379 0.438 -0.0394, -0.3301 0.4278 -0.0394, -0.2756 0.2756 -0.0394, -0.3199 0.42 -0.0394, -0.308 0.4151 -0.0394, -0.2477 0.4499 -0.0394, -0.141 0.438 -0.0394, -0.1332 0.4278 -0.0394, -0.2756 -0.2756 -0.0394, -0.4176 -0.3142 -0.0394, -0.4151 -0.308 -0.0394, -0.4134 -0.2953 -0.0394, -0.4151 -0.2825 -0.0394, -0.42 -0.2707 -0.0394, -0.2953 0.4134 -0.0394, -0.2825 0.4151 -0.0394, -0.2707 0.42 -0.0394, -0.2605 0.4278 -0.0394, -0.2527 0.438 -0.0394, -0.123 0.42 -0.0394, -0.438 -0.141 -0.0394, -0.438 -0.2527 -0.0394, -0.4499 -0.2477 -0.0394, -0.4278 -0.1332 -0.0394, -0.42 -0.123 -0.0394, -0.4278 -0.2605 -0.0394, -0.42 0.2707 -0.0394, -0.4151 0.2825 -0.0394, -0.4134 0.2953 -0.0394, -0.4151 0.308 -0.0394, -0.4151 -0.1112 -0.0394, -0.438 0.0558 -0.0394, -0.438 -0.0558 -0.0394, -0.4499 -0.0509 -0.0394, -0.4278 0.0636 -0.0394, -0.42 0.0738 -0.0394, -0.4278 -0.0636 -0.0394, -0.5709 0.3445 -0.0394, -0.4626 0.3445 -0.0394, -0.4499 0.3428 -0.0394, -0.2461 0.5709 -0.0394, -0.1476 0.5709 -0.0394, -0.2461 0.4626 -0.0394, -0.1476 0.4626 -0.0394, -0.146 0.4499 -0.0394, -0.42 0.123 -0.0394, -0.4278 0.1332 -0.0394, -0.438 0.2527 -0.0394, -0.42 0.3199 -0.0394, -0.4278 0.3301 -0.0394, -0.438 0.3379 -0.0394, -0.4134 -0.0984 -0.0394, -0.4151 -0.0857 -0.0394, -0.42 -0.0738 -0.0394, -0.4151 0.0857 -0.0394, -0.4134 0.0984 -0.0394, -0.4151 0.1112 -0.0394, -0.4278 0.2605 -0.0394, -0.5709 -0.2461 -0.0394, -0.5709 -0.1476 -0.0394, -0.4626 -0.2461 -0.0394, -0.4626 -0.1476 -0.0394, -0.4499 -0.146 -0.0394, -0.5709 -0.0492 -0.0394, -0.5709 0.0492 -0.0394, -0.4626 -0.0492 -0.0394, -0.4626 0.0492 -0.0394, -0.4499 0.0509 -0.0394, -0.4626 0.1476 -0.0394, -0.5709 0.1476 -0.0394, -0.5709 0.2461 -0.0394, -0.438 0.141 -0.0394, -0.4499 0.146 -0.0394, -0.4499 0.2477 -0.0394, -0.4626 0.2461 -0.0394, -0.1416 -0.3934 -0.0394, -0.0792 -0.3939 -0.0394, -0.1531 -0.3934 -0.0394, -0.5709 -0.3939 -0.0394, -0.1224 -0.3146 -0.0394, -0.4278 -0.3301 -0.0394, -0.42 -0.3199 -0.0394, -0.0792 -0.3142 -0.0394, -0.0792 -0.2756 -0.0394, -0.1336 -0.3713 -0.0394, -0.1011 -0.3713 -0.0394, -0.0936 -0.3934 -0.0394, -0.082 -0.3934 -0.0394, -0.1118 -0.3146 -0.0394, -0.5709 -0.3445 -0.0394, -0.4626 -0.3445 -0.0394, -0.4499 -0.3428 -0.0394, -0.438 -0.3379 -0.0394, -0.3199 -0.42 -0.0394, -0.3301 -0.4278 -0.0394, -0.3379 -0.438 -0.0394, -0.1112 -0.4151 -0.0394, -0.0984 -0.4134 -0.0394, -0.0857 -0.4151 -0.0394, -0.123 -0.42 -0.0394, -0.2527 -0.438 -0.0394, -0.1332 -0.4278 -0.0394, -0.2477 -0.4499 -0.0394, -0.141 -0.438 -0.0394, -0.2605 -0.4278 -0.0394, -0.2707 -0.42 -0.0394, -0.2825 -0.4151 -0.0394, -0.2953 -0.4134 -0.0394, -0.308 -0.4151 -0.0394, -0.3445 -0.5709 -0.0394, -0.5709 -0.5709 -0.0394, -0.3445 -0.4626 -0.0394, -0.3428 -0.4499 -0.0394, -0.1476 -0.4626 -0.0394, -0.1476 -0.5709 -0.0394, -0.2461 -0.5709 -0.0394, -0.146 -0.4499 -0.0394, -0.2461 -0.4626 -0.0394, -0.0052 -0.3939 -0.0394, -0.0509 -0.4499 -0.0394, -0.0558 -0.438 -0.0394, -0.0052 -0.5709 -0.0394, -0.0492 -0.5709 -0.0394, -0.0492 -0.4626 -0.0394, -0.0636 -0.4278 -0.0394, -0.0738 -0.42 -0.0394, -0.0792 -0.4178 -0.0394, 0.0558 -0.438 -0.0394, 0.0524 -0.4462 -0.0394, 0.0492 -0.5709 -0.0394, 0.0492 -0.4626 -0.0394, 0.0509 -0.4499 -0.0394, 0.2206 -0.5709 -0.0394, 0.1476 -0.5709 -0.0394, 0.2206 -0.3939 -0.0394, 0.1476 -0.4626 -0.0394, 0.146 -0.4499 -0.0394, 0.141 -0.438 -0.0394, 0.1332 -0.4278 -0.0394, 0.2953 -0.4134 -0.0394, 0.2825 -0.4151 -0.0394, 0.3428 -0.4499 -0.0394, 0.3379 -0.438 -0.0394, 0.2707 -0.42 -0.0394, 0.2605 -0.4278 -0.0394, 0.2527 -0.438 -0.0394, 0.5709 -0.5709 -0.0394, 0.3445 -0.5709 -0.0394, 0.3445 -0.4626 -0.0394, 0.3301 -0.4278 -0.0394, 0.3199 -0.42 -0.0394, 0.308 -0.4151 -0.0394, 0.2461 -0.5709 -0.0394, 0.2461 -0.4626 -0.0394, 0.2477 -0.4499 -0.0394, 0.4278 -0.3301 -0.0394, 0.438 -0.3379 -0.0394, 0.4499 -0.3428 -0.0394, 0.2206 -0.3142 -0.0394, 0.4176 -0.3142 -0.0394, 0.42 -0.3199 -0.0394, 0.4499 0.146 -0.0394, 0.438 0.141 -0.0394, 0.438 0.2527 -0.0394, 0.4278 0.1332 -0.0394, 0.42 0.123 -0.0394, 0.3445 0.5709 -0.0394, 0.5709 0.5709 -0.0394, 0.5709 0.3445 -0.0394, 0.2461 0.4626 -0.0394, 0.2477 0.4499 -0.0394, 0.2206 0.2518 -0.0394, 0.4499 -0.0509 -0.0394, 0.438 -0.0558 -0.0394, 0.438 0.0558 -0.0394, 0.42 -0.2707 -0.0394, 0.4151 -0.2825 -0.0394, 0.2756 -0.2756 -0.0394, 0.4134 -0.2953 -0.0394, 0.4151 -0.308 -0.0394, 0.4626 0.3445 -0.0394, 0.4499 0.3428 -0.0394, 0.3445 0.4626 -0.0394, 0.438 0.3379 -0.0394, 0.3428 0.4499 -0.0394, 0.2707 0.42 -0.0394, 0.2825 0.4151 -0.0394, 0.42 0.3199 -0.0394, 0.2953 0.4134 -0.0394, 0.4151 0.1112 -0.0394, 0.2756 0.1969 -0.0394, 0.4278 0.2605 -0.0394, 0.4278 -0.0636 -0.0394, 0.42 -0.0738 -0.0394, 0.4278 0.0636 -0.0394, 0.2461 0.5709 -0.0394, 0.4626 0.2461 -0.0394, 0.5709 0.2461 -0.0394, 0.5709 0.1476 -0.0394, 0.4151 -0.0857 -0.0394, 0.4134 -0.0984 -0.0394, 0.4151 -0.1112 -0.0394, 0.42 -0.123 -0.0394, 0.4278 -0.1332 -0.0394, 0.438 -0.2527 -0.0394, 0.438 -0.141 -0.0394, 0.4499 -0.2477 -0.0394, 0.308 0.4151 -0.0394, 0.3199 0.42 -0.0394, 0.4278 0.3301 -0.0394, 0.3301 0.4278 -0.0394, 0.3379 0.438 -0.0394, 0.2527 0.438 -0.0394, 0.2605 0.4278 -0.0394, 0.4499 0.2477 -0.0394, 0.4626 0.1476 -0.0394, 0.4134 0.0984 -0.0394, 0.4151 0.0857 -0.0394, 0.42 0.0738 -0.0394, 0.4151 0.308 -0.0394, 0.4134 0.2953 -0.0394, 0.4151 0.2825 -0.0394, 0.42 0.2707 -0.0394, 0.4626 0.0492 -0.0394, 0.5709 0.0492 -0.0394, 0.5709 -0.0492 -0.0394, 0.4278 -0.2605 -0.0394, 0.4499 0.0509 -0.0394, 0.4626 -0.0492 -0.0394, 0.4626 -0.1476 -0.0394, 0.5709 -0.1476 -0.0394, 0.5709 -0.2461 -0.0394, 0.4499 -0.146 -0.0394, 0.4626 -0.2461 -0.0394, 0.2206 -0.2756 -0.0394, 0.122 -0.2756 -0.0394, 0.0786 -0.3137 -0.0394, -0.0351 -0.3146 -0.0394, -0.0465 -0.3159 -0.0394, -0.0557 -0.3191 -0.0394, -0.0643 -0.3248 -0.0394, -0.0724 -0.3718 -0.0394, -0.0678 -0.3788 -0.0394, -0.0614 -0.385 -0.0394, -0.0531 -0.3898 -0.0394, -0.0644 -0.3249 -0.0394, -0.0699 -0.3311 -0.0394, -0.0736 -0.3378 -0.0394, -0.0757 -0.3456 -0.0394, -0.0763 -0.353 -0.0394, -0.0752 -0.3636 -0.0394, -0.0441 -0.3925 -0.0394, -0.0343 -0.3934 -0.0394, -0.0129 -0.3934 -0.0394, -0.0129 -0.3146 -0.0394, 0.0044 -0.3146 -0.0394, 0.0044 -0.3233 -0.0394, 0.0025 -0.3847 -0.0394, 0.0025 -0.3934 -0.0394, 0.0447 -0.3934 -0.0394, 0.0447 -0.3146 -0.0394, 0.0341 -0.3578 -0.0394, 0.0341 -0.3847 -0.0394, 0.0063 -0.3578 -0.0394, 0.0063 -0.3492 -0.0394, 0.0341 -0.3492 -0.0394, 0.0341 -0.3233 -0.0394, 0.1254 -0.3847 -0.0394, 0.1254 -0.3934 -0.0394, 0.1657 -0.3934 -0.0394, 0.1551 -0.3847 -0.0394, 0.1551 -0.3146 -0.0394, 0.1657 -0.3146 -0.0394, -0.5906 -0.2461 0.0, -0.5906 -0.1476 0.0, -0.5824 -0.2461 -0.0063, -0.5824 -0.1476 -0.0063, -0.5761 -0.2461 -0.0144, -0.5761 -0.1476 -0.0144, -0.5722 -0.2461 -0.0239, -0.5722 -0.1476 -0.0239, -0.5709 -0.2461 -0.0341, -0.5709 -0.1476 -0.0341, -0.5906 -0.3445 0.0, -0.5824 -0.3445 -0.0063, -0.5906 -0.5906 -0.0, -0.5824 -0.5824 -0.0063, -0.5761 -0.3445 -0.0144, -0.5761 -0.5761 -0.0144, -0.579 -0.579 -0.0101, -0.5722 -0.3445 -0.0239, -0.5709 -0.3445 -0.0341, -0.5709 -0.5709 -0.0341, -0.5712 -0.5712 -0.029, -0.5722 -0.5722 -0.0239, -0.5739 -0.5739 -0.019, 0.5906 -0.1476 -0.0, 0.5906 -0.2461 -0.0, 0.5824 -0.1476 -0.0063, 0.5824 -0.2461 -0.0063, 0.5761 -0.1476 -0.0144, 0.5761 -0.2461 -0.0144, 0.5722 -0.1476 -0.0239, 0.5722 -0.2461 -0.0239, 0.5709 -0.1476 -0.0341, 0.5709 -0.2461 -0.0341, 0.5709 -0.5709 -0.0341, 0.5709 -0.3445 -0.0341, 0.5712 -0.5712 -0.029, 0.5722 -0.3445 -0.0239, 0.5722 -0.5722 -0.0239, 0.5739 -0.5739 -0.019, 0.5761 -0.3445 -0.0144, 0.5761 -0.5761 -0.0144, 0.579 -0.579 -0.0101, 0.5824 -0.3445 -0.0063, 0.5824 -0.5824 -0.0063, 0.5906 -0.3445 0.0, 0.5906 -0.5906 -0.0, -0.5906 -0.1476 0.0394, -0.5906 -0.3445 0.0394, -0.5906 -0.5906 0.3465, -0.5906 -0.2461 0.0394, -0.5906 0.5906 0.3465, -0.5906 0.5906 0.0, -0.5906 0.3445 0.0, -0.5906 0.3445 0.0394, -0.5906 0.2461 0.0394, -0.5906 0.2461 0.0, -0.5906 0.1476 0.0, -0.5906 0.1476 0.0394, -0.5906 0.0492 0.0394, -0.5906 0.0492 0.0, -0.5906 -0.0492 0.0, -0.5906 -0.0492 0.0394, 0.5906 -0.0492 0.0394, 0.5906 -0.0492 0.0, 0.5906 0.0492 0.0, 0.5906 -0.5906 0.3465, 0.5906 -0.3445 0.0394, 0.5906 -0.2461 0.0394, 0.5906 -0.1476 0.0394, 0.5906 0.0492 0.0394, 0.5906 0.1476 0.0, 0.5906 0.2461 0.0, 0.5906 0.1476 0.0394, 0.5906 0.2461 0.0394, 0.5906 0.3445 0.0, 0.5906 0.5906 0.0, 0.5906 0.3445 0.0394, 0.5906 0.5906 0.3465, -0.5824 -0.0492 -0.0063, -0.5824 0.0492 -0.0063, -0.5761 -0.0492 -0.0144, -0.5761 0.0492 -0.0144, -0.5722 -0.0492 -0.0239, -0.5722 0.0492 -0.0239, -0.5709 -0.0492 -0.0341, -0.5709 0.0492 -0.0341, -0.5709 0.0492 -0.0341
            ]
        }
        coordIndex [
            0,1,2,-1,3,4,5,-1,6,7,8,-1,9,10,11,-1,12,13,14,-1,14,15,12,-1,12,15,16,-1,12,16,17,-1,13,18,19,-1,19,20,13,-1,13,20,21,-1,13,21,14,-1,14,21,22,-1,14,22,23,-1,23,22,24,-1,23,24,25,-1,25,26,23,-1,23,26,27,-1,23,27,28,-1,29,30,23,-1,23,30,31,-1,32,33,34,-1,34,33,35,-1,31,36,23,-1,23,36,35,-1,23,35,37,-1,37,35,33,-1,28,38,23,-1,23,38,39,-1,23,39,29,-1,40,41,42,-1,42,41,43,-1,44,45,46,-1,46,45,47,-1,48,49,42,-1,42,49,50,-1,42,50,40,-1,47,51,46,-1,46,51,52,-1,46,52,53,-1,43,54,42,-1,42,54,55,-1,42,55,46,-1,46,55,56,-1,46,56,44,-1,57,58,42,-1,42,58,59,-1,42,59,48,-1,48,59,60,-1,48,60,61,-1,61,60,62,-1,63,12,64,-1,64,12,17,-1,64,17,62,-1,62,17,65,-1,62,65,61,-1,11,10,66,-1,66,10,67,-1,66,67,68,-1,68,69,66,-1,66,69,70,-1,66,70,71,-1,71,70,72,-1,71,72,73,-1,74,75,76,-1,76,75,77,-1,77,78,76,-1,76,78,79,-1,76,79,11,-1,11,79,80,-1,11,80,9,-1,74,76,81,-1,81,76,82,-1,81,82,83,-1,84,85,82,-1,82,85,86,-1,86,87,82,-1,82,87,88,-1,82,88,89,-1,90,83,8,-1,8,83,82,-1,8,82,6,-1,6,82,89,-1,91,92,93,-1,93,92,94,-1,95,96,84,-1,84,96,97,-1,84,97,85,-1,91,98,92,-1,92,98,99,-1,92,99,100,-1,100,99,101,-1,100,101,102,-1,103,104,105,-1,106,107,108,-1,108,109,106,-1,106,109,110,-1,106,110,111,-1,102,112,100,-1,100,112,113,-1,100,113,84,-1,84,113,114,-1,114,115,84,-1,84,115,116,-1,84,116,95,-1,95,116,103,-1,95,103,117,-1,117,103,105,-1,118,119,120,-1,118,121,119,-1,119,121,122,-1,119,122,123,-1,124,125,100,-1,100,125,126,-1,100,126,127,-1,128,106,122,-1,122,106,111,-1,122,111,123,-1,129,130,131,-1,129,132,130,-1,130,132,133,-1,130,133,134,-1,135,92,136,-1,136,92,137,-1,138,139,140,-1,140,139,141,-1,140,141,103,-1,103,141,142,-1,103,142,104,-1,143,144,145,-1,127,146,100,-1,100,146,147,-1,100,147,92,-1,92,147,148,-1,92,148,137,-1,128,149,106,-1,106,149,150,-1,106,150,133,-1,133,150,151,-1,133,151,134,-1,133,152,106,-1,106,152,153,-1,106,153,154,-1,124,100,155,-1,155,100,106,-1,155,106,145,-1,145,106,154,-1,145,154,143,-1,156,157,158,-1,158,157,159,-1,158,159,120,-1,120,159,160,-1,120,160,118,-1,161,162,163,-1,163,162,164,-1,163,164,131,-1,131,164,165,-1,131,165,129,-1,166,167,168,-1,144,169,145,-1,145,169,170,-1,145,170,171,-1,171,170,166,-1,171,166,172,-1,172,166,168,-1,173,174,175,-1,175,174,176,-1,175,176,177,-1,178,179,177,-1,177,179,107,-1,177,107,180,-1,180,107,106,-1,180,106,181,-1,182,183,173,-1,173,183,184,-1,173,184,174,-1,174,184,185,-1,174,185,180,-1,180,185,186,-1,180,186,177,-1,187,188,176,-1,176,188,189,-1,176,189,177,-1,177,189,190,-1,177,190,178,-1,191,192,176,-1,176,192,193,-1,194,174,195,-1,195,174,196,-1,194,197,198,-1,198,197,199,-1,198,199,200,-1,200,199,201,-1,194,198,174,-1,174,198,202,-1,174,202,203,-1,203,204,174,-1,174,204,205,-1,174,205,176,-1,176,205,206,-1,176,206,191,-1,207,208,209,-1,209,208,176,-1,209,176,210,-1,210,176,193,-1,211,212,213,-1,201,214,200,-1,200,214,211,-1,200,211,215,-1,215,211,213,-1,216,217,218,-1,219,220,216,-1,216,220,221,-1,216,221,217,-1,218,222,216,-1,216,222,223,-1,216,223,174,-1,174,223,224,-1,174,224,196,-1,63,225,12,-1,12,225,226,-1,12,226,216,-1,227,219,228,-1,228,219,216,-1,228,216,229,-1,229,216,226,-1,230,231,232,-1,232,231,233,-1,233,234,232,-1,232,234,235,-1,232,235,236,-1,237,238,232,-1,239,240,5,-1,238,241,232,-1,232,241,242,-1,232,242,243,-1,244,245,5,-1,5,245,246,-1,5,246,239,-1,240,247,5,-1,5,247,248,-1,5,248,249,-1,250,230,251,-1,251,230,232,-1,251,232,252,-1,252,232,243,-1,253,254,232,-1,232,254,255,-1,256,257,232,-1,232,257,258,-1,232,258,253,-1,249,237,5,-1,5,237,232,-1,5,232,3,-1,3,232,255,-1,259,260,261,-1,261,260,262,-1,261,262,263,-1,264,265,266,-1,267,268,269,-1,270,271,272,-1,273,274,275,-1,275,274,276,-1,275,276,277,-1,266,278,264,-1,264,278,279,-1,264,279,280,-1,280,279,281,-1,280,281,282,-1,283,284,285,-1,285,284,286,-1,287,288,263,-1,263,288,289,-1,263,289,261,-1,271,290,272,-1,272,290,291,-1,272,291,292,-1,293,267,71,-1,71,267,269,-1,71,269,66,-1,294,295,296,-1,291,297,288,-1,288,297,298,-1,288,298,299,-1,300,301,302,-1,302,301,303,-1,302,303,304,-1,286,305,285,-1,285,305,306,-1,285,306,307,-1,307,306,308,-1,307,308,281,-1,281,308,309,-1,281,309,282,-1,268,310,269,-1,269,310,311,-1,269,311,283,-1,261,312,259,-1,259,312,294,-1,259,294,313,-1,313,294,296,-1,287,314,288,-1,288,314,315,-1,288,315,291,-1,291,315,316,-1,291,316,292,-1,285,317,283,-1,283,317,318,-1,283,318,269,-1,269,318,319,-1,269,319,288,-1,288,319,320,-1,288,320,289,-1,321,322,323,-1,273,275,324,-1,324,275,288,-1,324,288,302,-1,302,288,299,-1,302,299,300,-1,272,325,270,-1,270,325,321,-1,270,321,326,-1,326,321,323,-1,327,328,329,-1,303,330,304,-1,304,330,327,-1,304,327,331,-1,331,327,329,-1,277,257,275,-1,275,257,256,-1,275,256,332,-1,332,256,46,-1,332,46,333,-1,333,46,53,-1,333,53,2,-1,2,53,334,-1,181,1,180,-1,180,1,0,-1,180,0,335,-1,335,336,180,-1,180,336,337,-1,180,337,338,-1,339,340,174,-1,174,340,341,-1,174,341,342,-1,338,343,180,-1,180,343,344,-1,180,344,345,-1,345,346,180,-1,180,346,347,-1,180,347,174,-1,174,347,348,-1,174,348,339,-1,342,349,174,-1,174,349,350,-1,174,350,216,-1,216,350,351,-1,216,351,0,-1,0,351,352,-1,0,352,335,-1,334,18,2,-1,2,18,13,-1,2,13,0,-1,0,13,353,-1,353,354,0,-1,0,354,355,-1,0,355,216,-1,216,355,356,-1,216,356,12,-1,12,356,357,-1,12,357,13,-1,13,357,358,-1,13,358,353,-1,359,360,361,-1,361,360,355,-1,361,355,362,-1,362,355,354,-1,362,354,363,-1,363,354,364,-1,46,365,42,-1,42,365,366,-1,42,366,367,-1,368,365,369,-1,369,365,46,-1,369,46,370,-1,370,46,256,-1,370,256,367,-1,367,256,232,-1,367,232,42,-1,42,232,236,-1,42,236,57,-1,371,372,373,-1,373,372,374,-1,373,374,375,-1,375,374,376,-1,375,376,377,-1,377,376,378,-1,377,378,379,-1,379,378,380,-1,381,382,383,-1,383,382,384,-1,385,386,382,-1,382,386,387,-1,382,387,384,-1,388,389,390,-1,390,391,388,-1,388,391,392,-1,388,392,385,-1,385,392,393,-1,385,393,386,-1,394,395,396,-1,396,395,397,-1,396,397,398,-1,398,397,399,-1,398,399,400,-1,400,399,401,-1,400,401,402,-1,402,401,403,-1,404,405,406,-1,406,405,407,-1,406,407,408,-1,408,407,409,-1,409,407,410,-1,409,410,411,-1,411,410,412,-1,412,410,413,-1,412,413,414,-1,414,413,415,-1,414,415,416,-1,417,372,371,-1,381,383,418,-1,418,383,419,-1,418,419,420,-1,420,419,421,-1,422,423,421,-1,421,423,424,-1,421,424,425,-1,426,427,425,-1,425,427,428,-1,425,428,421,-1,421,428,429,-1,430,431,429,-1,429,431,432,-1,429,432,421,-1,421,432,417,-1,421,417,420,-1,420,417,371,-1,380,157,379,-1,379,157,156,-1,208,390,187,-1,187,390,389,-1,433,434,435,-1,416,415,436,-1,436,415,437,-1,436,437,438,-1,395,394,438,-1,438,394,439,-1,438,439,436,-1,436,439,433,-1,436,433,440,-1,440,433,435,-1,441,442,443,-1,443,442,444,-1,445,446,447,-1,447,446,448,-1,447,448,444,-1,444,448,436,-1,444,436,443,-1,443,436,440,-1,328,402,329,-1,329,402,403,-1,404,244,405,-1,405,244,4,-1,431,430,449,-1,449,430,450,-1,449,450,451,-1,451,450,452,-1,451,452,453,-1,453,452,454,-1,453,454,455,-1,455,454,456,-1,
        ]
    }
}
Shape{
    appearance Appearance {
        material  Material 	{
            diffuseColor 0.8313725490196079 0.8313725490196079 0.8196078431372549
            specularColor 0.6666666666666666 0.6666666666666666 0.6549019607843137
            ambientIntensity 0.2
            transparency 0
            shininess 0.5
        }
    }
    geometry IndexedFaceSet {
        ccw TRUE
        solid FALSE
        coord DEF co Coordinate {
            point [
                -0.5906 -0.3445 0.0, -0.5906 -0.2461 0.0, -0.5824 -0.3445 -0.0063, -0.5824 -0.2461 -0.0063, -0.5761 -0.3445 -0.0144, -0.5761 -0.2461 -0.0144, -0.5722 -0.3445 -0.0239, -0.5722 -0.2461 -0.0239, -0.5709 -0.3445 -0.0341, -0.5709 -0.2461 -0.0341, -0.5709 -0.2461 -0.0341
            ]
        }
        coordIndex [
            0,1,2,-1,2,1,3,-1,2,3,4,-1,4,3,5,-1,4,5,6,-1,6,5,7,-1,6,7,8,-1,8,7,9,-1,
        ]
    }
}
Shape{
    appearance Appearance {
        material  Material 	{
            diffuseColor 0.20784313725490197 0.20784313725490197 0.20784313725490197
            specularColor 0.01568627450980392 0.01568627450980392 0.01568627450980392
            ambientIntensity 0.2
            transparency 0
            shininess 0.5
        }
    }
    geometry IndexedFaceSet {
        ccw TRUE
        solid FALSE
        coord DEF co Coordinate {
            point [
                0.5906 0.0492 0.0, 0.5906 -0.0492 0.0, 0.5824 0.0492 -0.0063, 0.5824 -0.0492 -0.0063, 0.5761 0.0492 -0.0144, 0.5761 -0.0492 -0.0144, 0.5722 0.0492 -0.0239, 0.5722 -0.0492 -0.0239, 0.5709 0.0492 -0.0341, 0.5709 -0.0492 -0.0341, 0.5709 -0.0492 -0.0341
            ]
        }
        coordIndex [
            0,1,2,-1,2,1,3,-1,2,3,4,-1,4,3,5,-1,4,5,6,-1,6,5,7,-1,6,7,8,-1,8,7,9,-1,
        ]
    }
}
Shape{
    appearance Appearance {
        material  Material 	{
            diffuseColor 0.8313725490196079 0.8313725490196079 0.8196078431372549
            specularColor 0.6666666666666666 0.6666666666666666 0.6549019607843137
            ambientIntensity 0.2
            transparency 0
            shininess 0.5
        }
    }
    geometry IndexedFaceSet {
        ccw TRUE
        solid FALSE
        coord DEF co Coordinate {
            point [
                0.5906 -0.2461 -0.0, 0.5906 -0.3445 0.0, 0.5824 -0.2461 -0.0063, 0.5824 -0.3445 -0.0063, 0.5761 -0.2461 -0.0144, 0.5761 -0.3445 -0.0144, 0.5722 -0.2461 -0.0239, 0.5722 -0.3445 -0.0239, 0.5709 -0.2461 -0.0341, 0.5709 -0.3445 -0.0341, 0.5709 -0.3445 -0.0341
            ]
        }
        coordIndex [
            0,1,2,-1,2,1,3,-1,2,3,4,-1,4,3,5,-1,4,5,6,-1,6,5,7,-1,6,7,8,-1,8,7,9,-1,
        ]
    }
}
Shape{
    appearance Appearance {
        material  Material 	{
            diffuseColor 0.6470588235294118 0.5176470588235295 0.0
            specularColor 0.45098039215686275 0.3607843137254902 0.0
            ambientIntensity 0.2
            transparency 0
            shininess 0.5
        }
    }
    geometry IndexedFaceSet {
        ccw TRUE
        solid FALSE
        coord DEF co Coordinate {
            point [
                -0.5906 -0.2461 0.0, -0.5906 -0.3445 0.0, -0.5906 -0.2461 0.0394, -0.5906 -0.3445 0.0394, -0.5906 -0.3445 0.0394
            ]
        }
        coordIndex [
            0,1,2,-1,2,1,3,-1,
        ]
    }
}
Shape{
    appearance Appearance {
        material  Material 	{
            diffuseColor 0.20784313725490197 0.20784313725490197 0.20784313725490197
            specularColor 0.01568627450980392 0.01568627450980392 0.01568627450980392
            ambientIntensity 0.2
            transparency 0
            shininess 0.5
        }
    }
    geometry IndexedFaceSet {
        ccw TRUE
        solid FALSE
        coord DEF co Coordinate {
            point [
                -0.5709 0.0492 -0.0341, -0.5709 0.0492 -0.0394, -0.5709 -0.0492 -0.0341, -0.5709 -0.0492 -0.0394, -0.5709 -0.0492 -0.0394
            ]
        }
        coordIndex [
            0,1,2,-1,2,1,3,-1,
        ]
    }
}
Shape{
    appearance Appearance {
        material  Material 	{
            diffuseColor 0.8313725490196079 0.8313725490196079 0.8196078431372549
            specularColor 0.6666666666666666 0.6666666666666666 0.6549019607843137
            ambientIntensity 0.2
            transparency 0
            shininess 0.5
        }
    }
    geometry IndexedFaceSet {
        ccw TRUE
        solid FALSE
        coord DEF co Coordinate {
            point [
                -0.5709 -0.2461 -0.0472, -0.5709 -0.3445 -0.0472, -0.5709 -0.2461 -0.0394, -0.5709 -0.3445 -0.0394, -0.5709 -0.2461 -0.0341, -0.5709 -0.3445 -0.0341, -0.5709 -0.3445 -0.0341
            ]
        }
        coordIndex [
            0,1,2,-1,2,1,3,-1,2,3,4,-1,4,3,5,-1,
        ]
    }
}
Shape{
    appearance Appearance {
        material  Material 	{
            diffuseColor 0.6470588235294118 0.5176470588235295 0.0
            specularColor 0.45098039215686275 0.3607843137254902 0.0
            ambientIntensity 0.2
            transparency 0
            shininess 0.5
        }
    }
    geometry IndexedFaceSet {
        ccw TRUE
        solid FALSE
        coord DEF co Coordinate {
            point [
                0.5906 -0.2461 0.0394, 0.5906 -0.3445 0.0394, 0.5906 -0.2461 -0.0, 0.5906 -0.3445 0.0, 0.5906 -0.3445 0.0
            ]
        }
        coordIndex [
            0,1,2,-1,2,1,3,-1,
        ]
    }
}
Shape{
    appearance Appearance {
        material  Material 	{
            diffuseColor 0.20784313725490197 0.20784313725490197 0.20784313725490197
            specularColor 0.01568627450980392 0.01568627450980392 0.01568627450980392
            ambientIntensity 0.2
            transparency 0
            shininess 0.5
        }
    }
    geometry IndexedFaceSet {
        ccw TRUE
        solid FALSE
        coord DEF co Coordinate {
            point [
                0.5709 0.0492 -0.0394, 0.5709 0.0492 -0.0341, 0.5709 -0.0492 -0.0394, 0.5709 -0.0492 -0.0341, 0.5709 -0.0492 -0.0341
            ]
        }
        coordIndex [
            0,1,2,-1,2,1,3,-1,
        ]
    }
}
Shape{
    appearance Appearance {
        material  Material 	{
            diffuseColor 0.8313725490196079 0.8313725490196079 0.8196078431372549
            specularColor 0.6666666666666666 0.6666666666666666 0.6549019607843137
            ambientIntensity 0.2
            transparency 0
            shininess 0.5
        }
    }
    geometry IndexedFaceSet {
        ccw TRUE
        solid FALSE
        coord DEF co Coordinate {
            point [
                0.5709 -0.2461 -0.0341, 0.5709 -0.3445 -0.0341, 0.5709 -0.2461 -0.0394, 0.5709 -0.3445 -0.0394, 0.5709 -0.2461 -0.0472, 0.5709 -0.3445 -0.0472, 0.5709 -0.3445 -0.0472
            ]
        }
        coordIndex [
            0,1,2,-1,2,1,3,-1,2,3,4,-1,4,3,5,-1,
        ]
    }
}
Shape{
    appearance Appearance {
        material  Material 	{
            diffuseColor 0.20784313725490197 0.20784313725490197 0.20784313725490197
            specularColor 0.01568627450980392 0.01568627450980392 0.01568627450980392
            ambientIntensity 0.2
            transparency 0
            shininess 0.5
        }
    }
    geometry IndexedFaceSet {
        ccw TRUE
        solid FALSE
        coord DEF co Coordinate {
            point [
                -0.5906 0.1476 0.0, -0.5906 0.2461 0.0, -0.5824 0.1476 -0.0063, -0.5824 0.2461 -0.0063, -0.5761 0.1476 -0.0144, -0.5761 0.2461 -0.0144, -0.5722 0.1476 -0.0239, -0.5722 0.2461 -0.0239, -0.5709 0.1476 -0.0341, -0.5709 0.2461 -0.0341, -0.5709 0.2461 -0.0341
            ]
        }
        coordIndex [
            0,1,2,-1,2,1,3,-1,2,3,4,-1,4,3,5,-1,4,5,6,-1,6,5,7,-1,6,7,8,-1,8,7,9,-1,
        ]
    }
}
Shape{
    appearance Appearance {
        material  Material 	{
            diffuseColor 0.8313725490196079 0.8313725490196079 0.8196078431372549
            specularColor 0.6666666666666666 0.6666666666666666 0.6549019607843137
            ambientIntensity 0.2
            transparency 0
            shininess 0.5
        }
    }
    geometry IndexedFaceSet {
        ccw TRUE
        solid FALSE
        coord DEF co Coordinate {
            point [
                -0.5906 -0.1476 0.0, -0.5906 -0.0492 0.0, -0.5824 -0.1476 -0.0063, -0.5824 -0.0492 -0.0063, -0.5761 -0.1476 -0.0144, -0.5761 -0.0492 -0.0144, -0.5722 -0.1476 -0.0239, -0.5722 -0.0492 -0.0239, -0.5709 -0.1476 -0.0341, -0.5709 -0.0492 -0.0341, -0.5709 -0.0492 -0.0341
            ]
        }
        coordIndex [
            0,1,2,-1,2,1,3,-1,2,3,4,-1,4,3,5,-1,4,5,6,-1,6,5,7,-1,6,7,8,-1,8,7,9,-1,
        ]
    }
}
Shape{
    appearance Appearance {
        material  Material 	{
            diffuseColor 0.20784313725490197 0.20784313725490197 0.20784313725490197
            specularColor 0.01568627450980392 0.01568627450980392 0.01568627450980392
            ambientIntensity 0.2
            transparency 0
            shininess 0.5
        }
    }
    geometry IndexedFaceSet {
        ccw TRUE
        solid FALSE
        coord DEF co Coordinate {
            point [
                0.5906 0.2461 0.0, 0.5906 0.1476 0.0, 0.5824 0.2461 -0.0063, 0.5824 0.1476 -0.0063, 0.5761 0.2461 -0.0144, 0.5761 0.1476 -0.0144, 0.5722 0.2461 -0.0239, 0.5722 0.1476 -0.0239, 0.5709 0.2461 -0.0341, 0.5709 0.1476 -0.0341, 0.5709 0.1476 -0.0341
            ]
        }
        coordIndex [
            0,1,2,-1,2,1,3,-1,2,3,4,-1,4,3,5,-1,4,5,6,-1,6,5,7,-1,6,7,8,-1,8,7,9,-1,
        ]
    }
}
Shape{
    appearance Appearance {
        material  Material 	{
            diffuseColor 0.8313725490196079 0.8313725490196079 0.8196078431372549
            specularColor 0.6666666666666666 0.6666666666666666 0.6549019607843137
            ambientIntensity 0.2
            transparency 0
            shininess 0.5
        }
    }
    geometry IndexedFaceSet {
        ccw TRUE
        solid FALSE
        coord DEF co Coordinate {
            point [
                0.5906 -0.0492 0.0, 0.5906 -0.1476 -0.0, 0.5824 -0.0492 -0.0063, 0.5824 -0.1476 -0.0063, 0.5761 -0.0492 -0.0144, 0.5761 -0.1476 -0.0144, 0.5722 -0.0492 -0.0239, 0.5722 -0.1476 -0.0239, 0.5709 -0.0492 -0.0341, 0.5709 -0.1476 -0.0341, 0.5709 -0.1476 -0.0341
            ]
        }
        coordIndex [
            0,1,2,-1,2,1,3,-1,2,3,4,-1,4,3,5,-1,4,5,6,-1,6,5,7,-1,6,7,8,-1,8,7,9,-1,
        ]
    }
}
Shape{
    appearance Appearance {
        material  Material 	{
            diffuseColor 0.6470588235294118 0.5176470588235295 0.0
            specularColor 0.45098039215686275 0.3607843137254902 0.0
            ambientIntensity 0.2
            transparency 0
            shininess 0.5
        }
    }
    geometry IndexedFaceSet {
        ccw TRUE
        solid FALSE
        coord DEF co Coordinate {
            point [
                -0.5906 -0.0492 0.0, -0.5906 -0.1476 0.0, -0.5906 -0.0492 0.0394, -0.5906 -0.1476 0.0394, -0.5906 -0.1476 0.0394
            ]
        }
        coordIndex [
            0,1,2,-1,2,1,3,-1,
        ]
    }
}
Shape{
    appearance Appearance {
        material  Material 	{
            diffuseColor 0.20784313725490197 0.20784313725490197 0.20784313725490197
            specularColor 0.01568627450980392 0.01568627450980392 0.01568627450980392
            ambientIntensity 0.2
            transparency 0
            shininess 0.5
        }
    }
    geometry IndexedFaceSet {
        ccw TRUE
        solid FALSE
        coord DEF co Coordinate {
            point [
                -0.5709 0.2461 -0.0341, -0.5709 0.2461 -0.0394, -0.5709 0.1476 -0.0341, -0.5709 0.1476 -0.0394, -0.5709 0.1476 -0.0394
            ]
        }
        coordIndex [
            0,1,2,-1,2,1,3,-1,
        ]
    }
}
Shape{
    appearance Appearance {
        material  Material 	{
            diffuseColor 0.8313725490196079 0.8313725490196079 0.8196078431372549
            specularColor 0.6666666666666666 0.6666666666666666 0.6549019607843137
            ambientIntensity 0.2
            transparency 0
            shininess 0.5
        }
    }
    geometry IndexedFaceSet {
        ccw TRUE
        solid FALSE
        coord DEF co Coordinate {
            point [
                -0.5709 -0.0492 -0.0472, -0.5709 -0.1476 -0.0472, -0.5709 -0.0492 -0.0394, -0.5709 -0.1476 -0.0394, -0.5709 -0.0492 -0.0341, -0.5709 -0.1476 -0.0341, -0.5709 -0.1476 -0.0341
            ]
        }
        coordIndex [
            0,1,2,-1,2,1,3,-1,2,3,4,-1,4,3,5,-1,
        ]
    }
}
Shape{
    appearance Appearance {
        material  Material 	{
            diffuseColor 0.6470588235294118 0.5176470588235295 0.0
            specularColor 0.45098039215686275 0.3607843137254902 0.0
            ambientIntensity 0.2
            transparency 0
            shininess 0.5
        }
    }
    geometry IndexedFaceSet {
        ccw TRUE
        solid FALSE
        coord DEF co Coordinate {
            point [
                0.5906 -0.0492 0.0394, 0.5906 -0.1476 0.0394, 0.5906 -0.0492 0.0, 0.5906 -0.1476 -0.0, 0.5906 -0.1476 -0.0
            ]
        }
        coordIndex [
            0,1,2,-1,2,1,3,-1,
        ]
    }
}
Shape{
    appearance Appearance {
        material  Material 	{
            diffuseColor 0.20784313725490197 0.20784313725490197 0.20784313725490197
            specularColor 0.01568627450980392 0.01568627450980392 0.01568627450980392
            ambientIntensity 0.2
            transparency 0
            shininess 0.5
        }
    }
    geometry IndexedFaceSet {
        ccw TRUE
        solid FALSE
        coord DEF co Coordinate {
            point [
                0.5709 0.2461 -0.0394, 0.5709 0.2461 -0.0341, 0.5709 0.1476 -0.0394, 0.5709 0.1476 -0.0341, 0.5709 0.1476 -0.0341
            ]
        }
        coordIndex [
            0,1,2,-1,2,1,3,-1,
        ]
    }
}
Shape{
    appearance Appearance {
        material  Material 	{
            diffuseColor 0.8313725490196079 0.8313725490196079 0.8196078431372549
            specularColor 0.6666666666666666 0.6666666666666666 0.6549019607843137
            ambientIntensity 0.2
            transparency 0
            shininess 0.5
        }
    }
    geometry IndexedFaceSet {
        ccw TRUE
        solid FALSE
        coord DEF co Coordinate {
            point [
                0.5709 -0.0492 -0.0341, 0.5709 -0.1476 -0.0341, 0.5709 -0.0492 -0.0394, 0.5709 -0.1476 -0.0394, 0.5709 -0.0492 -0.0472, 0.5709 -0.1476 -0.0472, -0.5906 0.0492 0.0, -0.5906 0.1476 0.0, -0.5824 0.0492 -0.0063, -0.5824 0.1476 -0.0063, -0.5761 0.0492 -0.0144, -0.5761 0.1476 -0.0144, -0.5722 0.0492 -0.0239, -0.5722 0.1476 -0.0239, -0.5709 0.0492 -0.0341, -0.5709 0.1476 -0.0341, -0.5709 0.1476 -0.0341
            ]
        }
        coordIndex [
            0,1,2,-1,2,1,3,-1,2,3,4,-1,4,3,5,-1,6,7,8,-1,8,7,9,-1,8,9,10,-1,10,9,11,-1,10,11,12,-1,12,11,13,-1,12,13,14,-1,14,13,15,-1,
        ]
    }
}
Shape{
    appearance Appearance {
        material  Material 	{
            diffuseColor 0.20784313725490197 0.20784313725490197 0.20784313725490197
            specularColor 0.01568627450980392 0.01568627450980392 0.01568627450980392
            ambientIntensity 0.2
            transparency 0
            shininess 0.5
        }
    }
    geometry IndexedFaceSet {
        ccw TRUE
        solid FALSE
        coord DEF co Coordinate {
            point [
                -0.5709 0.5709 -0.0341, -0.5709 0.3445 -0.0341, -0.5711 0.5711 -0.03, -0.5717 0.3445 -0.0259, -0.5717 0.5717 -0.0259, -0.5728 0.5728 -0.0219, -0.5743 0.3445 -0.0181, -0.5743 0.5743 -0.0181, -0.5784 0.3445 -0.011, -0.5784 0.5784 -0.011, -0.5839 0.3445 -0.0048, -0.5839 0.5839 -0.0048, -0.5906 0.3445 0.0, -0.5906 0.5906 0.0, -0.5906 0.5906 0.0
            ]
        }
        coordIndex [
            0,1,2,-1,2,1,3,-1,2,3,4,-1,4,3,5,-1,5,3,6,-1,5,6,7,-1,7,6,8,-1,7,8,9,-1,9,8,10,-1,9,10,11,-1,11,10,12,-1,11,12,13,-1,
        ]
    }
}
Shape{
    appearance Appearance {
        material  Material 	{
            diffuseColor 0.8313725490196079 0.8313725490196079 0.8196078431372549
            specularColor 0.6666666666666666 0.6666666666666666 0.6549019607843137
            ambientIntensity 0.2
            transparency 0
            shininess 0.5
        }
    }
    geometry IndexedFaceSet {
        ccw TRUE
        solid FALSE
        coord DEF co Coordinate {
            point [
                0.5906 0.1476 0.0, 0.5906 0.0492 0.0, 0.5824 0.1476 -0.0063, 0.5824 0.0492 -0.0063, 0.5761 0.1476 -0.0144, 0.5761 0.0492 -0.0144, 0.5722 0.1476 -0.0239, 0.5722 0.0492 -0.0239, 0.5709 0.1476 -0.0341, 0.5709 0.0492 -0.0341, 0.5709 0.0492 -0.0341
            ]
        }
        coordIndex [
            0,1,2,-1,2,1,3,-1,2,3,4,-1,4,3,5,-1,4,5,6,-1,6,5,7,-1,6,7,8,-1,8,7,9,-1,
        ]
    }
}
Shape{
    appearance Appearance {
        material  Material 	{
            diffuseColor 0.20784313725490197 0.20784313725490197 0.20784313725490197
            specularColor 0.01568627450980392 0.01568627450980392 0.01568627450980392
            ambientIntensity 0.2
            transparency 0
            shininess 0.5
        }
    }
    geometry IndexedFaceSet {
        ccw TRUE
        solid FALSE
        coord DEF co Coordinate {
            point [
                0.5906 0.5906 0.0, 0.5906 0.3445 0.0, 0.5839 0.3445 -0.0048, 0.5839 0.5839 -0.0048, 0.5784 0.3445 -0.011, 0.5784 0.5784 -0.011, 0.5743 0.3445 -0.0181, 0.5743 0.5743 -0.0181, 0.5717 0.3445 -0.0259, 0.5709 0.3445 -0.0341, 0.5709 0.5709 -0.0341, 0.5711 0.5711 -0.03, 0.5717 0.5717 -0.0259, 0.5728 0.5728 -0.0219, 0.5728 0.5728 -0.0219
            ]
        }
        coordIndex [
            0,1,2,-1,0,2,3,-1,3,2,4,-1,3,4,5,-1,5,4,6,-1,5,6,7,-1,8,9,10,-1,10,11,8,-1,8,11,12,-1,8,12,6,-1,6,12,13,-1,6,13,7,-1,
        ]
    }
}
Shape{
    appearance Appearance {
        material  Material 	{
            diffuseColor 0.6470588235294118 0.5176470588235295 0.0
            specularColor 0.45098039215686275 0.3607843137254902 0.0
            ambientIntensity 0.2
            transparency 0
            shininess 0.5
        }
    }
    geometry IndexedFaceSet {
        ccw TRUE
        solid FALSE
        coord DEF co Coordinate {
            point [
                -0.5906 0.1476 0.0, -0.5906 0.0492 0.0, -0.5906 0.1476 0.0394, -0.5906 0.0492 0.0394, -0.5906 0.0492 0.0394
            ]
        }
        coordIndex [
            0,1,2,-1,2,1,3,-1,
        ]
    }
}
Shape{
    appearance Appearance {
        material  Material 	{
            diffuseColor 0.8313725490196079 0.8313725490196079 0.8196078431372549
            specularColor 0.6666666666666666 0.6666666666666666 0.6549019607843137
            ambientIntensity 0.2
            transparency 0
            shininess 0.5
        }
    }
    geometry IndexedFaceSet {
        ccw TRUE
        solid FALSE
        coord DEF co Coordinate {
            point [
                -0.5709 0.1476 -0.0472, -0.5709 0.0492 -0.0472, -0.5709 0.1476 -0.0394, -0.5709 0.0492 -0.0394, -0.5709 0.1476 -0.0341, -0.5709 0.0492 -0.0341, -0.5709 0.0492 -0.0341
            ]
        }
        coordIndex [
            0,1,2,-1,2,1,3,-1,2,3,4,-1,4,3,5,-1,
        ]
    }
}
Shape{
    appearance Appearance {
        material  Material 	{
            diffuseColor 0.20784313725490197 0.20784313725490197 0.20784313725490197
            specularColor 0.01568627450980392 0.01568627450980392 0.01568627450980392
            ambientIntensity 0.2
            transparency 0
            shininess 0.5
        }
    }
    geometry IndexedFaceSet {
        ccw TRUE
        solid FALSE
        coord DEF co Coordinate {
            point [
                -0.5709 0.5709 -0.0341, -0.5709 0.5709 -0.0394, -0.5709 0.3445 -0.0341, -0.5709 0.3445 -0.0394, -0.5709 0.3445 -0.0394
            ]
        }
        coordIndex [
            0,1,2,-1,2,1,3,-1,
        ]
    }
}
Shape{
    appearance Appearance {
        material  Material 	{
            diffuseColor 0.6470588235294118 0.5176470588235295 0.0
            specularColor 0.45098039215686275 0.3607843137254902 0.0
            ambientIntensity 0.2
            transparency 0
            shininess 0.5
        }
    }
    geometry IndexedFaceSet {
        ccw TRUE
        solid FALSE
        coord DEF co Coordinate {
            point [
                0.5906 0.1476 0.0394, 0.5906 0.0492 0.0394, 0.5906 0.1476 0.0, 0.5906 0.0492 0.0, 0.5906 0.0492 0.0
            ]
        }
        coordIndex [
            0,1,2,-1,2,1,3,-1,
        ]
    }
}
Shape{
    appearance Appearance {
        material  Material 	{
            diffuseColor 0.8313725490196079 0.8313725490196079 0.8196078431372549
            specularColor 0.6666666666666666 0.6666666666666666 0.6549019607843137
            ambientIntensity 0.2
            transparency 0
            shininess 0.5
        }
    }
    geometry IndexedFaceSet {
        ccw TRUE
        solid FALSE
        coord DEF co Coordinate {
            point [
                0.5709 0.1476 -0.0341, 0.5709 0.0492 -0.0341, 0.5709 0.1476 -0.0394, 0.5709 0.0492 -0.0394, 0.5709 0.1476 -0.0472, 0.5709 0.0492 -0.0472, 0.5709 0.0492 -0.0472
            ]
        }
        coordIndex [
            0,1,2,-1,2,1,3,-1,2,3,4,-1,4,3,5,-1,
        ]
    }
}
Shape{
    appearance Appearance {
        material  Material 	{
            diffuseColor 0.20784313725490197 0.20784313725490197 0.20784313725490197
            specularColor 0.01568627450980392 0.01568627450980392 0.01568627450980392
            ambientIntensity 0.2
            transparency 0
            shininess 0.5
        }
    }
    geometry IndexedFaceSet {
        ccw TRUE
        solid FALSE
        coord DEF co Coordinate {
            point [
                0.5709 0.5709 -0.0394, 0.5709 0.5709 -0.0341, 0.5709 0.3445 -0.0394, 0.5709 0.3445 -0.0341, 0.3445 0.5709 -0.0341, 0.5711 0.5711 -0.03, 0.3445 0.5717 -0.0259, 0.5717 0.5717 -0.0259, 0.5728 0.5728 -0.0219, 0.3445 0.5743 -0.0181, 0.5743 0.5743 -0.0181, 0.3445 0.5784 -0.011, 0.5784 0.5784 -0.011, 0.3445 0.5839 -0.0048, 0.5839 0.5839 -0.0048, 0.3445 0.5906 0.0, 0.5906 0.5906 0.0, 0.1476 0.5906 0.0, 0.2461 0.5906 0.0, 0.1476 0.5839 -0.0048, 0.2461 0.5839 -0.0048, 0.1476 0.5784 -0.011, 0.2461 0.5784 -0.011, 0.1476 0.5743 -0.0181, 0.2461 0.5743 -0.0181, 0.1476 0.5717 -0.0259, 0.2461 0.5717 -0.0259, 0.1476 0.5709 -0.0341, 0.2461 0.5709 -0.0341, 0.3445 -0.5906 0.0, 0.3445 -0.5824 -0.0063, 0.5906 -0.5906 -0.0, 0.5824 -0.5824 -0.0063, 0.3445 -0.5761 -0.0144, 0.5761 -0.5761 -0.0144, 0.579 -0.579 -0.0101, 0.3445 -0.5722 -0.0239, 0.3445 -0.5709 -0.0341, 0.5709 -0.5709 -0.0341, 0.5712 -0.5712 -0.029, 0.5722 -0.5722 -0.0239, 0.5739 -0.5739 -0.019, 0.2461 -0.5906 0.0, 0.1476 -0.5906 0.0, 0.2461 -0.5824 -0.0063, 0.1476 -0.5824 -0.0063, 0.2461 -0.5761 -0.0144, 0.1476 -0.5761 -0.0144, 0.2461 -0.5722 -0.0239, 0.1476 -0.5722 -0.0239, 0.2461 -0.5709 -0.0341, 0.1476 -0.5709 -0.0341, 0.0492 -0.5906 0.0394, 0.1476 -0.5906 0.0394, 0.5906 -0.5906 0.3465, -0.0492 -0.5906 0.0394, -0.0492 -0.5906 0.0, 0.0492 -0.5906 0.0, -0.5906 -0.5906 -0.0, -0.3445 -0.5906 0.0, -0.5906 -0.5906 0.3465, -0.3445 -0.5906 0.0394, -0.2461 -0.5906 0.0394, -0.1476 -0.5906 0.0394, -0.1476 -0.5906 0.0, -0.2461 -0.5906 0.0, 0.3445 -0.5906 0.0394, 0.2461 -0.5906 0.0394, 0.5709 -0.5709 -0.0394, 0.3445 -0.5709 -0.0394, 0.1476 -0.5709 -0.0394, 0.2461 -0.5709 -0.0394, 0.2461 0.5906 0.0394, 0.5906 0.5906 0.3465, 0.3445 0.5906 0.0394, 0.1476 0.5906 0.0394, 0.0492 0.5906 0.0, -0.0492 0.5906 0.0, 0.0492 0.5906 0.0394, -0.0492 0.5906 0.0394, -0.5906 0.5906 0.3465, -0.1476 0.5906 0.0394, -0.3445 0.5906 0.0, -0.5906 0.5906 0.0, -0.3445 0.5906 0.0394, -0.2461 0.5906 0.0394, -0.2461 0.5906 0.0, -0.1476 0.5906 0.0, 0.3445 0.5709 -0.0394, 0.1476 0.5709 -0.0394, 0.2461 0.5709 -0.0394, 0.2461 0.5709 -0.0394
            ]
        }
        coordIndex [
            0,1,2,-1,2,1,3,-1,1,4,5,-1,5,4,6,-1,5,6,7,-1,7,6,8,-1,8,6,9,-1,8,9,10,-1,10,9,11,-1,10,11,12,-1,12,11,13,-1,12,13,14,-1,14,13,15,-1,14,15,16,-1,17,18,19,-1,19,18,20,-1,19,20,21,-1,21,20,22,-1,21,22,23,-1,23,22,24,-1,23,24,25,-1,25,24,26,-1,25,26,27,-1,27,26,28,-1,29,30,31,-1,31,30,32,-1,33,34,30,-1,30,34,35,-1,30,35,32,-1,36,37,38,-1,38,39,36,-1,36,39,40,-1,36,40,33,-1,33,40,41,-1,33,41,34,-1,42,43,44,-1,44,43,45,-1,44,45,46,-1,46,45,47,-1,46,47,48,-1,48,47,49,-1,48,49,50,-1,50,49,51,-1,52,53,54,-1,55,56,57,-1,58,59,60,-1,60,59,61,-1,60,61,54,-1,54,61,62,-1,57,52,55,-1,55,52,54,-1,55,54,63,-1,63,54,62,-1,63,62,64,-1,64,62,65,-1,29,31,66,-1,66,31,54,-1,66,54,67,-1,67,54,53,-1,67,53,42,-1,42,53,43,-1,68,38,69,-1,69,38,37,-1,51,70,50,-1,50,70,71,-1,72,18,17,-1,73,16,15,-1,15,74,73,-1,73,74,72,-1,73,72,75,-1,75,72,17,-1,76,77,78,-1,78,77,79,-1,75,78,73,-1,73,78,79,-1,73,79,80,-1,80,79,81,-1,82,83,84,-1,84,83,80,-1,84,80,85,-1,85,80,81,-1,85,81,86,-1,86,81,87,-1,1,0,4,-1,4,0,88,-1,89,27,90,-1,90,27,28,-1,
        ]
    }
}
Shape{
    appearance Appearance {
        material  Material 	{
            diffuseColor 0.8313725490196079 0.8313725490196079 0.8196078431372549
            specularColor 0.6666666666666666 0.6666666666666666 0.6549019607843137
            ambientIntensity 0.2
            transparency 0
            shininess 0.5
        }
    }
    geometry IndexedFaceSet {
        ccw TRUE
        solid FALSE
        coord DEF co Coordinate {
            point [
                0.2461 0.5906 0.0, 0.3445 0.5906 0.0, 0.2461 0.5839 -0.0048, 0.3445 0.5839 -0.0048, 0.2461 0.5784 -0.011, 0.3445 0.5784 -0.011, 0.2461 0.5743 -0.0181, 0.3445 0.5743 -0.0181, 0.2461 0.5717 -0.0259, 0.3445 0.5717 -0.0259, 0.2461 0.5709 -0.0341, 0.3445 0.5709 -0.0341, 0.3445 0.5709 -0.0341
            ]
        }
        coordIndex [
            0,1,2,-1,2,1,3,-1,2,3,4,-1,4,3,5,-1,4,5,6,-1,6,5,7,-1,6,7,8,-1,8,7,9,-1,8,9,10,-1,10,9,11,-1,
        ]
    }
}
Shape{
    appearance Appearance {
        material  Material 	{
            diffuseColor 0.20784313725490197 0.20784313725490197 0.20784313725490197
            specularColor 0.01568627450980392 0.01568627450980392 0.01568627450980392
            ambientIntensity 0.2
            transparency 0
            shininess 0.5
        }
    }
    geometry IndexedFaceSet {
        ccw TRUE
        solid FALSE
        coord DEF co Coordinate {
            point [
                -0.0492 0.5906 0.0, 0.0492 0.5906 0.0, -0.0492 0.5839 -0.0048, 0.0492 0.5839 -0.0048, -0.0492 0.5784 -0.011, 0.0492 0.5784 -0.011, -0.0492 0.5743 -0.0181, 0.0492 0.5743 -0.0181, -0.0492 0.5717 -0.0259, 0.0492 0.5717 -0.0259, -0.0492 0.5709 -0.0341, 0.0492 0.5709 -0.0341, 0.0492 0.5709 -0.0341
            ]
        }
        coordIndex [
            0,1,2,-1,2,1,3,-1,2,3,4,-1,4,3,5,-1,4,5,6,-1,6,5,7,-1,6,7,8,-1,8,7,9,-1,8,9,10,-1,10,9,11,-1,
        ]
    }
}
Shape{
    appearance Appearance {
        material  Material 	{
            diffuseColor 0.8313725490196079 0.8313725490196079 0.8196078431372549
            specularColor 0.6666666666666666 0.6666666666666666 0.6549019607843137
            ambientIntensity 0.2
            transparency 0
            shininess 0.5
        }
    }
    geometry IndexedFaceSet {
        ccw TRUE
        solid FALSE
        coord DEF co Coordinate {
            point [
                0.3445 -0.5906 0.0, 0.2461 -0.5906 0.0, 0.3445 -0.5824 -0.0063, 0.2461 -0.5824 -0.0063, 0.3445 -0.5761 -0.0144, 0.2461 -0.5761 -0.0144, 0.3445 -0.5722 -0.0239, 0.2461 -0.5722 -0.0239, 0.3445 -0.5709 -0.0341, 0.2461 -0.5709 -0.0341, 0.2461 -0.5709 -0.0341
            ]
        }
        coordIndex [
            0,1,2,-1,2,1,3,-1,2,3,4,-1,4,3,5,-1,4,5,6,-1,6,5,7,-1,6,7,8,-1,8,7,9,-1,
        ]
    }
}
Shape{
    appearance Appearance {
        material  Material 	{
            diffuseColor 0.20784313725490197 0.20784313725490197 0.20784313725490197
            specularColor 0.01568627450980392 0.01568627450980392 0.01568627450980392
            ambientIntensity 0.2
            transparency 0
            shininess 0.5
        }
    }
    geometry IndexedFaceSet {
        ccw TRUE
        solid FALSE
        coord DEF co Coordinate {
            point [
                0.0492 -0.5906 0.0, -0.0492 -0.5906 0.0, 0.0492 -0.5824 -0.0063, -0.0492 -0.5824 -0.0063, 0.0492 -0.5761 -0.0144, -0.0492 -0.5761 -0.0144, 0.0492 -0.5722 -0.0239, -0.0492 -0.5722 -0.0239, 0.0492 -0.5709 -0.0341, -0.0492 -0.5709 -0.0341, -0.0492 -0.5709 -0.0341
            ]
        }
        coordIndex [
            0,1,2,-1,2,1,3,-1,2,3,4,-1,4,3,5,-1,4,5,6,-1,6,5,7,-1,6,7,8,-1,8,7,9,-1,
        ]
    }
}
Shape{
    appearance Appearance {
        material  Material 	{
            diffuseColor 0.6470588235294118 0.5176470588235295 0.0
            specularColor 0.45098039215686275 0.3607843137254902 0.0
            ambientIntensity 0.2
            transparency 0
            shininess 0.5
        }
    }
    geometry IndexedFaceSet {
        ccw TRUE
        solid FALSE
        coord DEF co Coordinate {
            point [
                0.3445 -0.5906 0.0394, 0.2461 -0.5906 0.0394, 0.3445 -0.5906 0.0, 0.2461 -0.5906 0.0, 0.2461 -0.5906 0.0
            ]
        }
        coordIndex [
            0,1,2,-1,2,1,3,-1,
        ]
    }
}
Shape{
    appearance Appearance {
        material  Material 	{
            diffuseColor 0.8313725490196079 0.8313725490196079 0.8196078431372549
            specularColor 0.6666666666666666 0.6666666666666666 0.6549019607843137
            ambientIntensity 0.2
            transparency 0
            shininess 0.5
        }
    }
    geometry IndexedFaceSet {
        ccw TRUE
        solid FALSE
        coord DEF co Coordinate {
            point [
                0.3445 -0.5709 -0.0341, 0.2461 -0.5709 -0.0341, 0.3445 -0.5709 -0.0394, 0.2461 -0.5709 -0.0394, 0.3445 -0.5709 -0.0472, 0.2461 -0.5709 -0.0472, 0.2461 -0.5709 -0.0472
            ]
        }
        coordIndex [
            0,1,2,-1,2,1,3,-1,2,3,4,-1,4,3,5,-1,
        ]
    }
}
Shape{
    appearance Appearance {
        material  Material 	{
            diffuseColor 0.20784313725490197 0.20784313725490197 0.20784313725490197
            specularColor 0.01568627450980392 0.01568627450980392 0.01568627450980392
            ambientIntensity 0.2
            transparency 0
            shininess 0.5
        }
    }
    geometry IndexedFaceSet {
        ccw TRUE
        solid FALSE
        coord DEF co Coordinate {
            point [
                -0.0492 -0.5709 -0.0341, -0.0492 -0.5709 -0.0394, 0.0492 -0.5709 -0.0341, 0.0492 -0.5709 -0.0394, 0.0492 -0.5709 -0.0394
            ]
        }
        coordIndex [
            0,1,2,-1,2,1,3,-1,
        ]
    }
}
Shape{
    appearance Appearance {
        material  Material 	{
            diffuseColor 0.6470588235294118 0.5176470588235295 0.0
            specularColor 0.45098039215686275 0.3607843137254902 0.0
            ambientIntensity 0.2
            transparency 0
            shininess 0.5
        }
    }
    geometry IndexedFaceSet {
        ccw TRUE
        solid FALSE
        coord DEF co Coordinate {
            point [
                0.3445 0.5906 0.0, 0.2461 0.5906 0.0, 0.3445 0.5906 0.0394, 0.2461 0.5906 0.0394, 0.2461 0.5906 0.0394
            ]
        }
        coordIndex [
            0,1,2,-1,2,1,3,-1,
        ]
    }
}
Shape{
    appearance Appearance {
        material  Material 	{
            diffuseColor 0.8313725490196079 0.8313725490196079 0.8196078431372549
            specularColor 0.6666666666666666 0.6666666666666666 0.6549019607843137
            ambientIntensity 0.2
            transparency 0
            shininess 0.5
        }
    }
    geometry IndexedFaceSet {
        ccw TRUE
        solid FALSE
        coord DEF co Coordinate {
            point [
                0.2461 0.5709 -0.0341, 0.3445 0.5709 -0.0341, 0.2461 0.5709 -0.0394, 0.3445 0.5709 -0.0394, 0.2461 0.5709 -0.0472, 0.3445 0.5709 -0.0472, 0.3445 0.5709 -0.0472
            ]
        }
        coordIndex [
            0,1,2,-1,2,1,3,-1,2,3,4,-1,4,3,5,-1,
        ]
    }
}
Shape{
    appearance Appearance {
        material  Material 	{
            diffuseColor 0.20784313725490197 0.20784313725490197 0.20784313725490197
            specularColor 0.01568627450980392 0.01568627450980392 0.01568627450980392
            ambientIntensity 0.2
            transparency 0
            shininess 0.5
        }
    }
    geometry IndexedFaceSet {
        ccw TRUE
        solid FALSE
        coord DEF co Coordinate {
            point [
                -0.0492 0.5709 -0.0394, -0.0492 0.5709 -0.0341, 0.0492 0.5709 -0.0394, 0.0492 0.5709 -0.0341, 0.0492 0.5709 -0.0341
            ]
        }
        coordIndex [
            0,1,2,-1,2,1,3,-1,
        ]
    }
}
Shape{
    appearance Appearance {
        material  Material 	{
            diffuseColor 0.8313725490196079 0.8313725490196079 0.8196078431372549
            specularColor 0.6666666666666666 0.6666666666666666 0.6549019607843137
            ambientIntensity 0.2
            transparency 0
            shininess 0.5
        }
    }
    geometry IndexedFaceSet {
        ccw TRUE
        solid FALSE
        coord DEF co Coordinate {
            point [
                0.0492 0.5906 0.0, 0.1476 0.5906 0.0, 0.0492 0.5839 -0.0048, 0.1476 0.5839 -0.0048, 0.0492 0.5784 -0.011, 0.1476 0.5784 -0.011, 0.0492 0.5743 -0.0181, 0.1476 0.5743 -0.0181, 0.0492 0.5717 -0.0259, 0.1476 0.5717 -0.0259, 0.0492 0.5709 -0.0341, 0.1476 0.5709 -0.0341, 0.1476 0.5709 -0.0341
            ]
        }
        coordIndex [
            0,1,2,-1,2,1,3,-1,2,3,4,-1,4,3,5,-1,4,5,6,-1,6,5,7,-1,6,7,8,-1,8,7,9,-1,8,9,10,-1,10,9,11,-1,
        ]
    }
}
Shape{
    appearance Appearance {
        material  Material 	{
            diffuseColor 0.20784313725490197 0.20784313725490197 0.20784313725490197
            specularColor 0.01568627450980392 0.01568627450980392 0.01568627450980392
            ambientIntensity 0.2
            transparency 0
            shininess 0.5
        }
    }
    geometry IndexedFaceSet {
        ccw TRUE
        solid FALSE
        coord DEF co Coordinate {
            point [
                -0.2461 0.5906 0.0, -0.1476 0.5906 0.0, -0.2461 0.5839 -0.0048, -0.1476 0.5839 -0.0048, -0.2461 0.5784 -0.011, -0.1476 0.5784 -0.011, -0.2461 0.5743 -0.0181, -0.1476 0.5743 -0.0181, -0.2461 0.5717 -0.0259, -0.1476 0.5717 -0.0259, -0.2461 0.5709 -0.0341, -0.1476 0.5709 -0.0341, -0.1476 0.5709 -0.0341
            ]
        }
        coordIndex [
            0,1,2,-1,2,1,3,-1,2,3,4,-1,4,3,5,-1,4,5,6,-1,6,5,7,-1,6,7,8,-1,8,7,9,-1,8,9,10,-1,10,9,11,-1,
        ]
    }
}
Shape{
    appearance Appearance {
        material  Material 	{
            diffuseColor 0.8313725490196079 0.8313725490196079 0.8196078431372549
            specularColor 0.6666666666666666 0.6666666666666666 0.6549019607843137
            ambientIntensity 0.2
            transparency 0
            shininess 0.5
        }
    }
    geometry IndexedFaceSet {
        ccw TRUE
        solid FALSE
        coord DEF co Coordinate {
            point [
                0.1476 -0.5906 0.0, 0.0492 -0.5906 0.0, 0.1476 -0.5824 -0.0063, 0.0492 -0.5824 -0.0063, 0.1476 -0.5761 -0.0144, 0.0492 -0.5761 -0.0144, 0.1476 -0.5722 -0.0239, 0.0492 -0.5722 -0.0239, 0.1476 -0.5709 -0.0341, 0.0492 -0.5709 -0.0341, 0.0492 -0.5709 -0.0341
            ]
        }
        coordIndex [
            0,1,2,-1,2,1,3,-1,2,3,4,-1,4,3,5,-1,4,5,6,-1,6,5,7,-1,6,7,8,-1,8,7,9,-1,
        ]
    }
}
Shape{
    appearance Appearance {
        material  Material 	{
            diffuseColor 0.20784313725490197 0.20784313725490197 0.20784313725490197
            specularColor 0.01568627450980392 0.01568627450980392 0.01568627450980392
            ambientIntensity 0.2
            transparency 0
            shininess 0.5
        }
    }
    geometry IndexedFaceSet {
        ccw TRUE
        solid FALSE
        coord DEF co Coordinate {
            point [
                -0.1476 -0.5906 0.0, -0.2461 -0.5906 0.0, -0.1476 -0.5824 -0.0063, -0.2461 -0.5824 -0.0063, -0.1476 -0.5761 -0.0144, -0.2461 -0.5761 -0.0144, -0.1476 -0.5722 -0.0239, -0.2461 -0.5722 -0.0239, -0.1476 -0.5709 -0.0341, -0.2461 -0.5709 -0.0341, -0.2461 -0.5709 -0.0341
            ]
        }
        coordIndex [
            0,1,2,-1,2,1,3,-1,2,3,4,-1,4,3,5,-1,4,5,6,-1,6,5,7,-1,6,7,8,-1,8,7,9,-1,
        ]
    }
}
Shape{
    appearance Appearance {
        material  Material 	{
            diffuseColor 0.6470588235294118 0.5176470588235295 0.0
            specularColor 0.45098039215686275 0.3607843137254902 0.0
            ambientIntensity 0.2
            transparency 0
            shininess 0.5
        }
    }
    geometry IndexedFaceSet {
        ccw TRUE
        solid FALSE
        coord DEF co Coordinate {
            point [
                0.1476 -0.5906 0.0394, 0.0492 -0.5906 0.0394, 0.1476 -0.5906 0.0, 0.0492 -0.5906 0.0, 0.0492 -0.5906 0.0
            ]
        }
        coordIndex [
            0,1,2,-1,2,1,3,-1,
        ]
    }
}
Shape{
    appearance Appearance {
        material  Material 	{
            diffuseColor 0.8313725490196079 0.8313725490196079 0.8196078431372549
            specularColor 0.6666666666666666 0.6666666666666666 0.6549019607843137
            ambientIntensity 0.2
            transparency 0
            shininess 0.5
        }
    }
    geometry IndexedFaceSet {
        ccw TRUE
        solid FALSE
        coord DEF co Coordinate {
            point [
                0.1476 -0.5709 -0.0341, 0.0492 -0.5709 -0.0341, 0.1476 -0.5709 -0.0394, 0.0492 -0.5709 -0.0394, 0.1476 -0.5709 -0.0472, 0.0492 -0.5709 -0.0472, 0.0492 -0.5709 -0.0472
            ]
        }
        coordIndex [
            0,1,2,-1,2,1,3,-1,2,3,4,-1,4,3,5,-1,
        ]
    }
}
Shape{
    appearance Appearance {
        material  Material 	{
            diffuseColor 0.20784313725490197 0.20784313725490197 0.20784313725490197
            specularColor 0.01568627450980392 0.01568627450980392 0.01568627450980392
            ambientIntensity 0.2
            transparency 0
            shininess 0.5
        }
    }
    geometry IndexedFaceSet {
        ccw TRUE
        solid FALSE
        coord DEF co Coordinate {
            point [
                -0.2461 -0.5709 -0.0341, -0.2461 -0.5709 -0.0394, -0.1476 -0.5709 -0.0341, -0.1476 -0.5709 -0.0394, -0.1476 -0.5709 -0.0394
            ]
        }
        coordIndex [
            0,1,2,-1,2,1,3,-1,
        ]
    }
}
Shape{
    appearance Appearance {
        material  Material 	{
            diffuseColor 0.6470588235294118 0.5176470588235295 0.0
            specularColor 0.45098039215686275 0.3607843137254902 0.0
            ambientIntensity 0.2
            transparency 0
            shininess 0.5
        }
    }
    geometry IndexedFaceSet {
        ccw TRUE
        solid FALSE
        coord DEF co Coordinate {
            point [
                0.1476 0.5906 0.0, 0.0492 0.5906 0.0, 0.1476 0.5906 0.0394, 0.0492 0.5906 0.0394, 0.0492 0.5906 0.0394
            ]
        }
        coordIndex [
            0,1,2,-1,2,1,3,-1,
        ]
    }
}
Shape{
    appearance Appearance {
        material  Material 	{
            diffuseColor 0.8313725490196079 0.8313725490196079 0.8196078431372549
            specularColor 0.6666666666666666 0.6666666666666666 0.6549019607843137
            ambientIntensity 0.2
            transparency 0
            shininess 0.5
        }
    }
    geometry IndexedFaceSet {
        ccw TRUE
        solid FALSE
        coord DEF co Coordinate {
            point [
                0.1476 0.5709 -0.0472, 0.0492 0.5709 -0.0472, 0.1476 0.5709 -0.0394, 0.0492 0.5709 -0.0394, 0.1476 0.5709 -0.0341, 0.0492 0.5709 -0.0341, 0.0492 0.5709 -0.0341
            ]
        }
        coordIndex [
            0,1,2,-1,2,1,3,-1,2,3,4,-1,4,3,5,-1,
        ]
    }
}
Shape{
    appearance Appearance {
        material  Material 	{
            diffuseColor 0.20784313725490197 0.20784313725490197 0.20784313725490197
            specularColor 0.01568627450980392 0.01568627450980392 0.01568627450980392
            ambientIntensity 0.2
            transparency 0
            shininess 0.5
        }
    }
    geometry IndexedFaceSet {
        ccw TRUE
        solid FALSE
        coord DEF co Coordinate {
            point [
                -0.2461 0.5709 -0.0394, -0.2461 0.5709 -0.0341, -0.1476 0.5709 -0.0394, -0.1476 0.5709 -0.0341, -0.5906 0.5906 0.0, -0.3445 0.5906 0.0, -0.3445 0.5839 -0.0048, -0.5839 0.5839 -0.0048, -0.3445 0.5784 -0.011, -0.5784 0.5784 -0.011, -0.3445 0.5743 -0.0181, -0.5743 0.5743 -0.0181, -0.3445 0.5717 -0.0259, -0.3445 0.5709 -0.0341, -0.5709 0.5709 -0.0341, -0.5711 0.5711 -0.03, -0.5717 0.5717 -0.0259, -0.5728 0.5728 -0.0219, -0.5728 0.5728 -0.0219
            ]
        }
        coordIndex [
            0,1,2,-1,2,1,3,-1,4,5,6,-1,4,6,7,-1,7,6,8,-1,7,8,9,-1,9,8,10,-1,9,10,11,-1,12,13,14,-1,14,15,12,-1,12,15,16,-1,12,16,10,-1,10,16,17,-1,10,17,11,-1,
        ]
    }
}
Shape{
    appearance Appearance {
        material  Material 	{
            diffuseColor 0.8313725490196079 0.8313725490196079 0.8196078431372549
            specularColor 0.6666666666666666 0.6666666666666666 0.6549019607843137
            ambientIntensity 0.2
            transparency 0
            shininess 0.5
        }
    }
    geometry IndexedFaceSet {
        ccw TRUE
        solid FALSE
        coord DEF co Coordinate {
            point [
                -0.1476 0.5906 0.0, -0.0492 0.5906 0.0, -0.1476 0.5839 -0.0048, -0.0492 0.5839 -0.0048, -0.1476 0.5784 -0.011, -0.0492 0.5784 -0.011, -0.1476 0.5743 -0.0181, -0.0492 0.5743 -0.0181, -0.1476 0.5717 -0.0259, -0.0492 0.5717 -0.0259, -0.1476 0.5709 -0.0341, -0.0492 0.5709 -0.0341, -0.0492 0.5709 -0.0341
            ]
        }
        coordIndex [
            0,1,2,-1,2,1,3,-1,2,3,4,-1,4,3,5,-1,4,5,6,-1,6,5,7,-1,6,7,8,-1,8,7,9,-1,8,9,10,-1,10,9,11,-1,
        ]
    }
}
Shape{
    appearance Appearance {
        material  Material 	{
            diffuseColor 0.20784313725490197 0.20784313725490197 0.20784313725490197
            specularColor 0.01568627450980392 0.01568627450980392 0.01568627450980392
            ambientIntensity 0.2
            transparency 0
            shininess 0.5
        }
    }
    geometry IndexedFaceSet {
        ccw TRUE
        solid FALSE
        coord DEF co Coordinate {
            point [
                -0.5709 -0.5709 -0.0341, -0.3445 -0.5709 -0.0341, -0.5712 -0.5712 -0.029, -0.3445 -0.5722 -0.0239, -0.5722 -0.5722 -0.0239, -0.5739 -0.5739 -0.019, -0.3445 -0.5761 -0.0144, -0.5761 -0.5761 -0.0144, -0.579 -0.579 -0.0101, -0.3445 -0.5824 -0.0063, -0.5824 -0.5824 -0.0063, -0.3445 -0.5906 0.0, -0.5906 -0.5906 -0.0, -0.5906 -0.5906 -0.0
            ]
        }
        coordIndex [
            0,1,2,-1,2,1,3,-1,2,3,4,-1,4,3,5,-1,5,3,6,-1,5,6,7,-1,7,6,8,-1,8,6,9,-1,8,9,10,-1,10,9,11,-1,10,11,12,-1,
        ]
    }
}
Shape{
    appearance Appearance {
        material  Material 	{
            diffuseColor 0.8313725490196079 0.8313725490196079 0.8196078431372549
            specularColor 0.6666666666666666 0.6666666666666666 0.6549019607843137
            ambientIntensity 0.2
            transparency 0
            shininess 0.5
        }
    }
    geometry IndexedFaceSet {
        ccw TRUE
        solid FALSE
        coord DEF co Coordinate {
            point [
                -0.0492 -0.5906 0.0, -0.1476 -0.5906 0.0, -0.0492 -0.5824 -0.0063, -0.1476 -0.5824 -0.0063, -0.0492 -0.5761 -0.0144, -0.1476 -0.5761 -0.0144, -0.0492 -0.5722 -0.0239, -0.1476 -0.5722 -0.0239, -0.0492 -0.5709 -0.0341, -0.1476 -0.5709 -0.0341, -0.1476 -0.5709 -0.0341
            ]
        }
        coordIndex [
            0,1,2,-1,2,1,3,-1,2,3,4,-1,4,3,5,-1,4,5,6,-1,6,5,7,-1,6,7,8,-1,8,7,9,-1,
        ]
    }
}
Shape{
    appearance Appearance {
        material  Material 	{
            diffuseColor 0.6470588235294118 0.5176470588235295 0.0
            specularColor 0.45098039215686275 0.3607843137254902 0.0
            ambientIntensity 0.2
            transparency 0
            shininess 0.5
        }
    }
    geometry IndexedFaceSet {
        ccw TRUE
        solid FALSE
        coord DEF co Coordinate {
            point [
                -0.0492 -0.5906 0.0394, -0.1476 -0.5906 0.0394, -0.0492 -0.5906 0.0, -0.1476 -0.5906 0.0, -0.1476 -0.5906 0.0
            ]
        }
        coordIndex [
            0,1,2,-1,2,1,3,-1,
        ]
    }
}
Shape{
    appearance Appearance {
        material  Material 	{
            diffuseColor 0.20784313725490197 0.20784313725490197 0.20784313725490197
            specularColor 0.01568627450980392 0.01568627450980392 0.01568627450980392
            ambientIntensity 0.2
            transparency 0
            shininess 0.5
        }
    }
    geometry IndexedFaceSet {
        ccw TRUE
        solid FALSE
        coord DEF co Coordinate {
            point [
                -0.5709 -0.5709 -0.0341, -0.5709 -0.5709 -0.0394, -0.3445 -0.5709 -0.0341, -0.3445 -0.5709 -0.0394, -0.3445 -0.5709 -0.0394
            ]
        }
        coordIndex [
            0,1,2,-1,2,1,3,-1,
        ]
    }
}
Shape{
    appearance Appearance {
        material  Material 	{
            diffuseColor 0.8313725490196079 0.8313725490196079 0.8196078431372549
            specularColor 0.6666666666666666 0.6666666666666666 0.6549019607843137
            ambientIntensity 0.2
            transparency 0
            shininess 0.5
        }
    }
    geometry IndexedFaceSet {
        ccw TRUE
        solid FALSE
        coord DEF co Coordinate {
            point [
                -0.0492 -0.5709 -0.0341, -0.1476 -0.5709 -0.0341, -0.0492 -0.5709 -0.0394, -0.1476 -0.5709 -0.0394, -0.0492 -0.5709 -0.0472, -0.1476 -0.5709 -0.0472, -0.1476 -0.5709 -0.0472
            ]
        }
        coordIndex [
            0,1,2,-1,2,1,3,-1,2,3,4,-1,4,3,5,-1,
        ]
    }
}
Shape{
    appearance Appearance {
        material  Material 	{
            diffuseColor 0.6470588235294118 0.5176470588235295 0.0
            specularColor 0.45098039215686275 0.3607843137254902 0.0
            ambientIntensity 0.2
            transparency 0
            shininess 0.5
        }
    }
    geometry IndexedFaceSet {
        ccw TRUE
        solid FALSE
        coord DEF co Coordinate {
            point [
                -0.0492 0.5906 0.0, -0.1476 0.5906 0.0, -0.0492 0.5906 0.0394, -0.1476 0.5906 0.0394, -0.1476 0.5906 0.0394
            ]
        }
        coordIndex [
            0,1,2,-1,2,1,3,-1,
        ]
    }
}
Shape{
    appearance Appearance {
        material  Material 	{
            diffuseColor 0.20784313725490197 0.20784313725490197 0.20784313725490197
            specularColor 0.01568627450980392 0.01568627450980392 0.01568627450980392
            ambientIntensity 0.2
            transparency 0
            shininess 0.5
        }
    }
    geometry IndexedFaceSet {
        ccw TRUE
        solid FALSE
        coord DEF co Coordinate {
            point [
                -0.5709 0.5709 -0.0394, -0.5709 0.5709 -0.0341, -0.3445 0.5709 -0.0394, -0.3445 0.5709 -0.0341, -0.3445 0.5709 -0.0341
            ]
        }
        coordIndex [
            0,1,2,-1,2,1,3,-1,
        ]
    }
}
Shape{
    appearance Appearance {
        material  Material 	{
            diffuseColor 0.8313725490196079 0.8313725490196079 0.8196078431372549
            specularColor 0.6666666666666666 0.6666666666666666 0.6549019607843137
            ambientIntensity 0.2
            transparency 0
            shininess 0.5
        }
    }
    geometry IndexedFaceSet {
        ccw TRUE
        solid FALSE
        coord DEF co Coordinate {
            point [
                -0.0492 0.5709 -0.0472, -0.1476 0.5709 -0.0472, -0.0492 0.5709 -0.0394, -0.1476 0.5709 -0.0394, -0.0492 0.5709 -0.0341, -0.1476 0.5709 -0.0341, -0.1476 0.5709 -0.0341
            ]
        }
        coordIndex [
            0,1,2,-1,2,1,3,-1,2,3,4,-1,4,3,5,-1,
        ]
    }
}
Shape{
    appearance Appearance {
        material  Material 	{
            diffuseColor 0.6470588235294118 0.5176470588235295 0.0
            specularColor 0.45098039215686275 0.3607843137254902 0.0
            ambientIntensity 0.2
            transparency 0
            shininess 0.5
        }
    }
    geometry IndexedFaceSet {
        ccw TRUE
        solid FALSE
        coord DEF co Coordinate {
            point [
                0.5906 0.2461 0.0, 0.5906 0.3445 0.0, 0.5906 0.2461 0.0394, 0.5906 0.3445 0.0394, -0.3445 0.5906 0.0394, -0.2461 0.5906 0.0394, -0.3445 0.5906 0.0, -0.2461 0.5906 0.0, -0.5906 0.2461 0.0394, -0.5906 0.3445 0.0394, -0.5906 0.2461 0.0, -0.5906 0.3445 0.0, -0.3445 -0.5906 0.0, -0.2461 -0.5906 0.0, -0.3445 -0.5906 0.0394, -0.2461 -0.5906 0.0394, -0.2461 -0.5906 0.0394
            ]
        }
        coordIndex [
            0,1,2,-1,2,1,3,-1,4,5,6,-1,6,5,7,-1,8,9,10,-1,10,9,11,-1,12,13,14,-1,14,13,15,-1,
        ]
    }
}
Shape{
    appearance Appearance {
        material  Material 	{
            diffuseColor 0.20784313725490197 0.20784313725490197 0.20784313725490197
            specularColor 0.01568627450980392 0.01568627450980392 0.01568627450980392
            ambientIntensity 0.2
            transparency 0
            shininess 0.5
        }
    }
    geometry IndexedFaceSet {
        ccw TRUE
        solid FALSE
        coord DEF co Coordinate {
            point [
                -0.4232 -0.4724 0.3465, -0.4249 -0.4852 0.3465, 0.5906 -0.5906 0.3465, -0.4298 -0.497 0.3465, -0.4376 -0.5072 0.3465, -0.52 -0.4852 0.3465, -0.5217 -0.4724 0.3465, -0.5906 -0.5906 0.3465, -0.52 -0.4597 0.3465, -0.5906 0.5906 0.3465, -0.5151 -0.4478 0.3465, -0.5072 -0.4376 0.3465, -0.497 -0.4298 0.3465, -0.4852 -0.4249 0.3465, -0.4724 -0.4232 0.3465, -0.4597 -0.4249 0.3465, 0.5906 0.5906 0.3465, -0.4478 -0.4298 0.3465, -0.4376 -0.4376 0.3465, -0.4298 -0.4478 0.3465, -0.4249 -0.4597 0.3465, -0.4852 -0.52 0.3465, -0.497 -0.5151 0.3465, -0.4478 -0.5151 0.3465, -0.4597 -0.52 0.3465, -0.4724 -0.5217 0.3465, -0.5072 -0.5072 0.3465, -0.5151 -0.497 0.3465, -0.5151 -0.497 0.3465
            ]
        }
        coordIndex [
            0,1,2,-1,2,1,3,-1,2,3,4,-1,5,6,7,-1,7,6,8,-1,7,8,9,-1,9,8,10,-1,10,11,9,-1,9,11,12,-1,9,12,13,-1,13,14,9,-1,9,14,15,-1,9,15,16,-1,16,15,17,-1,17,18,16,-1,16,18,19,-1,16,19,2,-1,2,19,20,-1,2,20,0,-1,21,22,7,-1,4,23,2,-1,2,23,24,-1,2,24,7,-1,7,24,25,-1,7,25,21,-1,22,26,7,-1,7,26,27,-1,7,27,5,-1,
        ]
    }
}
Shape{
    appearance Appearance {
        material  Material 	{
            diffuseColor 0.8313725490196079 0.8313725490196079 0.8196078431372549
            specularColor 0.6666666666666666 0.6666666666666666 0.6549019607843137
            ambientIntensity 0.2
            transparency 0
            shininess 0.5
        }
    }
    geometry IndexedFaceSet {
        ccw TRUE
        solid FALSE
        coord DEF co Coordinate {
            point [
                0.5709 0.3445 -0.0341, 0.5709 0.2461 -0.0341, 0.5709 0.3445 -0.0394, 0.5709 0.2461 -0.0394, 0.5709 0.3445 -0.0472, 0.5709 0.2461 -0.0472, -0.3445 -0.5709 -0.0472, -0.2461 -0.5709 -0.0472, -0.3445 -0.5709 -0.0394, -0.2461 -0.5709 -0.0394, -0.3445 -0.5709 -0.0341, -0.2461 -0.5709 -0.0341, -0.5709 0.2461 -0.0341, -0.5709 0.3445 -0.0341, -0.5709 0.2461 -0.0394, -0.5709 0.3445 -0.0394, -0.5709 0.2461 -0.0472, -0.5709 0.3445 -0.0472, -0.3445 0.5709 -0.0341, -0.2461 0.5709 -0.0341, -0.3445 0.5709 -0.0394, -0.2461 0.5709 -0.0394, -0.3445 0.5709 -0.0472, -0.2461 0.5709 -0.0472, -0.2756 0.2756 -0.0472, -0.2756 -0.2756 -0.0472, -0.2756 0.2756 -0.0394, -0.2756 -0.2756 -0.0394, 0.1969 0.2756 -0.0472, 0.1969 0.2756 -0.0394, 0.2756 0.1969 -0.0472, 0.2756 0.1969 -0.0394, 0.2756 -0.2756 -0.0472, 0.2756 -0.2756 -0.0394, 0.2461 -0.4626 -0.0472, 0.2461 -0.5709 -0.0472, 0.2461 -0.4626 -0.0394, 0.2461 -0.5709 -0.0394, 0.2477 -0.4499 -0.0394, 0.2477 -0.4499 -0.0472, 0.2527 -0.438 -0.0394, 0.2527 -0.438 -0.0472, 0.2605 -0.4278 -0.0394, 0.2605 -0.4278 -0.0472, 0.2707 -0.42 -0.0394, 0.2707 -0.42 -0.0472, 0.2825 -0.4151 -0.0394, 0.2825 -0.4151 -0.0472, 0.2953 -0.4134 -0.0394, 0.2953 -0.4134 -0.0472, 0.308 -0.4151 -0.0394, 0.308 -0.4151 -0.0472, 0.3199 -0.42 -0.0394, 0.3199 -0.42 -0.0472, 0.3301 -0.4278 -0.0394, 0.3301 -0.4278 -0.0472, 0.3379 -0.438 -0.0394, 0.3379 -0.438 -0.0472, 0.3428 -0.4499 -0.0394, 0.3428 -0.4499 -0.0472, 0.3445 -0.4626 -0.0394, 0.3445 -0.4626 -0.0472, 0.3445 -0.5709 -0.0472, 0.3445 -0.5709 -0.0394, 0.4626 -0.3445 -0.0472, 0.5709 -0.3445 -0.0472, 0.4626 -0.3445 -0.0394, 0.5709 -0.3445 -0.0394, 0.4499 -0.3428 -0.0394, 0.4499 -0.3428 -0.0472, 0.438 -0.3379 -0.0394, 0.438 -0.3379 -0.0472, 0.4278 -0.3301 -0.0394, 0.4278 -0.3301 -0.0472, 0.42 -0.3199 -0.0394, 0.42 -0.3199 -0.0472, 0.4151 -0.308 -0.0394, 0.4151 -0.308 -0.0472, 0.4134 -0.2953 -0.0394, 0.4134 -0.2953 -0.0472, 0.4151 -0.2825 -0.0394, 0.4151 -0.2825 -0.0472, 0.42 -0.2707 -0.0394, 0.42 -0.2707 -0.0472, 0.4278 -0.2605 -0.0394, 0.4278 -0.2605 -0.0472, 0.438 -0.2527 -0.0394, 0.438 -0.2527 -0.0472, 0.4499 -0.2477 -0.0394, 0.4499 -0.2477 -0.0472, 0.4626 -0.2461 -0.0394, 0.4626 -0.2461 -0.0472, 0.5709 -0.2461 -0.0472, 0.5709 -0.2461 -0.0394, 0.4626 -0.1476 -0.0472, 0.5709 -0.1476 -0.0472, 0.4626 -0.1476 -0.0394, 0.5709 -0.1476 -0.0394, 0.4499 -0.146 -0.0394, 0.4499 -0.146 -0.0472, 0.438 -0.141 -0.0394, 0.438 -0.141 -0.0472, 0.4278 -0.1332 -0.0394, 0.4278 -0.1332 -0.0472, 0.42 -0.123 -0.0394, 0.42 -0.123 -0.0472, 0.4151 -0.1112 -0.0394, 0.4151 -0.1112 -0.0472, 0.4134 -0.0984 -0.0394, 0.4134 -0.0984 -0.0472, 0.4151 -0.0857 -0.0394, 0.4151 -0.0857 -0.0472, 0.42 -0.0738 -0.0394, 0.42 -0.0738 -0.0472, 0.4278 -0.0636 -0.0394, 0.4278 -0.0636 -0.0472, 0.438 -0.0558 -0.0394, 0.438 -0.0558 -0.0472, 0.4499 -0.0509 -0.0394, 0.4499 -0.0509 -0.0472, 0.4626 -0.0492 -0.0394, 0.4626 -0.0492 -0.0472, 0.5709 -0.0492 -0.0472, 0.5709 -0.0492 -0.0394, 0.4626 0.0492 -0.0472, 0.5709 0.0492 -0.0472, 0.4626 0.0492 -0.0394, 0.5709 0.0492 -0.0394, 0.4499 0.0509 -0.0394, 0.4499 0.0509 -0.0472, 0.438 0.0558 -0.0394, 0.438 0.0558 -0.0472, 0.4278 0.0636 -0.0394, 0.4278 0.0636 -0.0472, 0.42 0.0738 -0.0394, 0.42 0.0738 -0.0472, 0.4151 0.0857 -0.0394, 0.4151 0.0857 -0.0472, 0.4134 0.0984 -0.0394, 0.4134 0.0984 -0.0472, 0.4151 0.1112 -0.0394, 0.4151 0.1112 -0.0472, 0.42 0.123 -0.0394, 0.42 0.123 -0.0472, 0.4278 0.1332 -0.0394, 0.4278 0.1332 -0.0472, 0.438 0.141 -0.0394, 0.438 0.141 -0.0472, 0.4499 0.146 -0.0394, 0.4499 0.146 -0.0472, 0.4626 0.1476 -0.0394, 0.4626 0.1476 -0.0472, 0.5709 0.1476 -0.0472, 0.5709 0.1476 -0.0394, 0.4626 0.2461 -0.0472, 0.4626 0.2461 -0.0394, 0.4499 0.2477 -0.0394, 0.4499 0.2477 -0.0472, 0.438 0.2527 -0.0394, 0.438 0.2527 -0.0472, 0.4278 0.2605 -0.0394, 0.4278 0.2605 -0.0472, 0.42 0.2707 -0.0394, 0.42 0.2707 -0.0472, 0.4151 0.2825 -0.0394, 0.4151 0.2825 -0.0472, 0.4134 0.2953 -0.0394, 0.4134 0.2953 -0.0472, 0.4151 0.308 -0.0394, 0.4151 0.308 -0.0472, 0.42 0.3199 -0.0394, 0.42 0.3199 -0.0472, 0.4278 0.3301 -0.0394, 0.4278 0.3301 -0.0472, 0.438 0.3379 -0.0394, 0.438 0.3379 -0.0472, 0.4499 0.3428 -0.0394, 0.4499 0.3428 -0.0472, 0.4626 0.3445 -0.0394, 0.4626 0.3445 -0.0472, -0.4626 0.3445 -0.0472, -0.4626 0.3445 -0.0394, -0.4499 0.3428 -0.0394, -0.4499 0.3428 -0.0472, -0.438 0.3379 -0.0394, -0.438 0.3379 -0.0472, -0.4278 0.3301 -0.0394, -0.4278 0.3301 -0.0472, -0.42 0.3199 -0.0394, -0.42 0.3199 -0.0472, -0.4151 0.308 -0.0394, -0.4151 0.308 -0.0472, -0.4134 0.2953 -0.0394, -0.4134 0.2953 -0.0472, -0.4151 0.2825 -0.0394, -0.4151 0.2825 -0.0472, -0.42 0.2707 -0.0394, -0.42 0.2707 -0.0472, -0.4278 0.2605 -0.0394, -0.4278 0.2605 -0.0472, -0.438 0.2527 -0.0394, -0.438 0.2527 -0.0472, -0.4499 0.2477 -0.0394, -0.4499 0.2477 -0.0472, -0.4626 0.2461 -0.0394, -0.4626 0.2461 -0.0472, -0.4626 0.1476 -0.0472, -0.4626 0.1476 -0.0394, -0.4499 0.146 -0.0394, -0.4499 0.146 -0.0472, -0.438 0.141 -0.0394, -0.438 0.141 -0.0472, -0.4278 0.1332 -0.0394, -0.4278 0.1332 -0.0472, -0.42 0.123 -0.0394, -0.42 0.123 -0.0472, -0.4151 0.1112 -0.0394, -0.4151 0.1112 -0.0472, -0.4134 0.0984 -0.0394, -0.4134 0.0984 -0.0472, -0.4151 0.0857 -0.0394, -0.4151 0.0857 -0.0472, -0.42 0.0738 -0.0394, -0.42 0.0738 -0.0472, -0.4278 0.0636 -0.0394, -0.4278 0.0636 -0.0472, -0.438 0.0558 -0.0394, -0.438 0.0558 -0.0472, -0.4499 0.0509 -0.0394, -0.4499 0.0509 -0.0472, -0.4626 0.0492 -0.0394, -0.4626 0.0492 -0.0472, -0.5709 0.0492 -0.0472, -0.5709 0.0492 -0.0394, -0.5709 0.1476 -0.0472, -0.5709 0.1476 -0.0394, -0.4626 -0.0492 -0.0472, -0.4626 -0.0492 -0.0394, -0.4499 -0.0509 -0.0394, -0.4499 -0.0509 -0.0472, -0.438 -0.0558 -0.0394, -0.438 -0.0558 -0.0472, -0.4278 -0.0636 -0.0394, -0.4278 -0.0636 -0.0472, -0.42 -0.0738 -0.0394, -0.42 -0.0738 -0.0472, -0.4151 -0.0857 -0.0394, -0.4151 -0.0857 -0.0472, -0.4134 -0.0984 -0.0394, -0.4134 -0.0984 -0.0472, -0.4151 -0.1112 -0.0394, -0.4151 -0.1112 -0.0472, -0.42 -0.123 -0.0394, -0.42 -0.123 -0.0472, -0.4278 -0.1332 -0.0394, -0.4278 -0.1332 -0.0472, -0.438 -0.141 -0.0394, -0.438 -0.141 -0.0472, -0.4499 -0.146 -0.0394, -0.4499 -0.146 -0.0472, -0.4626 -0.1476 -0.0394, -0.4626 -0.1476 -0.0472, -0.5709 -0.1476 -0.0472, -0.5709 -0.1476 -0.0394, -0.5709 -0.0492 -0.0472, -0.5709 -0.0492 -0.0394, -0.4626 -0.2461 -0.0472, -0.4626 -0.2461 -0.0394, -0.4499 -0.2477 -0.0394, -0.4499 -0.2477 -0.0472, -0.438 -0.2527 -0.0394, -0.438 -0.2527 -0.0472, -0.4278 -0.2605 -0.0394, -0.4278 -0.2605 -0.0472, -0.42 -0.2707 -0.0394, -0.42 -0.2707 -0.0472, -0.4151 -0.2825 -0.0394, -0.4151 -0.2825 -0.0472, -0.4134 -0.2953 -0.0394, -0.4134 -0.2953 -0.0472, -0.4151 -0.308 -0.0394, -0.4151 -0.308 -0.0472, -0.42 -0.3199 -0.0394, -0.42 -0.3199 -0.0472, -0.4278 -0.3301 -0.0394, -0.4278 -0.3301 -0.0472, -0.438 -0.3379 -0.0394, -0.438 -0.3379 -0.0472, -0.4499 -0.3428 -0.0394, -0.4499 -0.3428 -0.0472, -0.4626 -0.3445 -0.0394, -0.4626 -0.3445 -0.0472, -0.5709 -0.3445 -0.0472, -0.5709 -0.3445 -0.0394, -0.5709 -0.2461 -0.0472, -0.5709 -0.2461 -0.0394, 0.0492 -0.4626 -0.0472, 0.0492 -0.5709 -0.0472, 0.0492 -0.4626 -0.0394, 0.0492 -0.5709 -0.0394, 0.0509 -0.4499 -0.0394, 0.0509 -0.4499 -0.0472, 0.0558 -0.438 -0.0394, 0.0558 -0.438 -0.0472, 0.0636 -0.4278 -0.0394, 0.0636 -0.4278 -0.0472, 0.0738 -0.42 -0.0394, 0.0738 -0.42 -0.0472, 0.0857 -0.4151 -0.0394, 0.0857 -0.4151 -0.0472, 0.0984 -0.4134 -0.0394, 0.0984 -0.4134 -0.0472, 0.1112 -0.4151 -0.0394, 0.1112 -0.4151 -0.0472, 0.123 -0.42 -0.0394, 0.123 -0.42 -0.0472, 0.1332 -0.4278 -0.0394, 0.1332 -0.4278 -0.0472, 0.141 -0.438 -0.0394, 0.141 -0.438 -0.0472, 0.146 -0.4499 -0.0394, 0.146 -0.4499 -0.0472, 0.1476 -0.4626 -0.0394, 0.1476 -0.4626 -0.0472, 0.1476 -0.5709 -0.0472, 0.1476 -0.5709 -0.0394, -0.1476 -0.4626 -0.0472, -0.1476 -0.5709 -0.0472, -0.1476 -0.4626 -0.0394, -0.1476 -0.5709 -0.0394, -0.146 -0.4499 -0.0394, -0.146 -0.4499 -0.0472, -0.141 -0.438 -0.0394, -0.141 -0.438 -0.0472, -0.1332 -0.4278 -0.0394, -0.1332 -0.4278 -0.0472, -0.123 -0.42 -0.0394, -0.123 -0.42 -0.0472, -0.1112 -0.4151 -0.0394, -0.1112 -0.4151 -0.0472, -0.0984 -0.4134 -0.0394, -0.0984 -0.4134 -0.0472, -0.0857 -0.4151 -0.0394, -0.0857 -0.4151 -0.0472, -0.0738 -0.42 -0.0394, -0.0738 -0.42 -0.0472, -0.0636 -0.4278 -0.0394, -0.0636 -0.4278 -0.0472, -0.0558 -0.438 -0.0394, -0.0558 -0.438 -0.0472, -0.0509 -0.4499 -0.0394, -0.0509 -0.4499 -0.0472, -0.0492 -0.4626 -0.0394, -0.0492 -0.4626 -0.0472, -0.0492 -0.5709 -0.0472, -0.0492 -0.5709 -0.0394, -0.3445 -0.4626 -0.0472, -0.3445 -0.4626 -0.0394, -0.3428 -0.4499 -0.0394, -0.3428 -0.4499 -0.0472, -0.3379 -0.438 -0.0394, -0.3379 -0.438 -0.0472, -0.3301 -0.4278 -0.0394, -0.3301 -0.4278 -0.0472, -0.3199 -0.42 -0.0394, -0.3199 -0.42 -0.0472, -0.308 -0.4151 -0.0394, -0.308 -0.4151 -0.0472, -0.2953 -0.4134 -0.0394, -0.2953 -0.4134 -0.0472, -0.2825 -0.4151 -0.0394, -0.2825 -0.4151 -0.0472, -0.2707 -0.42 -0.0394, -0.2707 -0.42 -0.0472, -0.2605 -0.4278 -0.0394, -0.2605 -0.4278 -0.0472, -0.2527 -0.438 -0.0394, -0.2527 -0.438 -0.0472, -0.2477 -0.4499 -0.0394, -0.2477 -0.4499 -0.0472, -0.2461 -0.4626 -0.0394, -0.2461 -0.4626 -0.0472, -0.2461 0.4626 -0.0472, -0.2461 0.4626 -0.0394, -0.2477 0.4499 -0.0394, -0.2477 0.4499 -0.0472, -0.2527 0.438 -0.0394, -0.2527 0.438 -0.0472, -0.2605 0.4278 -0.0394, -0.2605 0.4278 -0.0472, -0.2707 0.42 -0.0394, -0.2707 0.42 -0.0472, -0.2825 0.4151 -0.0394, -0.2825 0.4151 -0.0472, -0.2953 0.4134 -0.0394, -0.2953 0.4134 -0.0472, -0.308 0.4151 -0.0394, -0.308 0.4151 -0.0472, -0.3199 0.42 -0.0394, -0.3199 0.42 -0.0472, -0.3301 0.4278 -0.0394, -0.3301 0.4278 -0.0472, -0.3379 0.438 -0.0394, -0.3379 0.438 -0.0472, -0.3428 0.4499 -0.0394, -0.3428 0.4499 -0.0472, -0.3445 0.4626 -0.0394, -0.3445 0.4626 -0.0472, -0.0492 0.4626 -0.0472, -0.0492 0.4626 -0.0394, -0.0509 0.4499 -0.0394, -0.0509 0.4499 -0.0472, -0.0558 0.438 -0.0394, -0.0558 0.438 -0.0472, -0.0636 0.4278 -0.0394, -0.0636 0.4278 -0.0472, -0.0738 0.42 -0.0394, -0.0738 0.42 -0.0472, -0.0857 0.4151 -0.0394, -0.0857 0.4151 -0.0472, -0.0984 0.4134 -0.0394, -0.0984 0.4134 -0.0472, -0.1112 0.4151 -0.0394, -0.1112 0.4151 -0.0472, -0.123 0.42 -0.0394, -0.123 0.42 -0.0472, -0.1332 0.4278 -0.0394, -0.1332 0.4278 -0.0472, -0.141 0.438 -0.0394, -0.141 0.438 -0.0472, -0.146 0.4499 -0.0394, -0.146 0.4499 -0.0472, -0.1476 0.4626 -0.0394, -0.1476 0.4626 -0.0472, -0.1476 0.5709 -0.0472, -0.1476 0.5709 -0.0394, -0.0492 0.5709 -0.0472, -0.0492 0.5709 -0.0394, 0.1476 0.4626 -0.0472, 0.1476 0.4626 -0.0394, 0.146 0.4499 -0.0394, 0.146 0.4499 -0.0472, 0.141 0.438 -0.0394, 0.141 0.438 -0.0472, 0.1332 0.4278 -0.0394, 0.1332 0.4278 -0.0472, 0.123 0.42 -0.0394, 0.123 0.42 -0.0472, 0.1112 0.4151 -0.0394, 0.1112 0.4151 -0.0472, 0.0984 0.4134 -0.0394, 0.0984 0.4134 -0.0472, 0.0857 0.4151 -0.0394, 0.0857 0.4151 -0.0472, 0.0738 0.42 -0.0394, 0.0738 0.42 -0.0472, 0.0636 0.4278 -0.0394, 0.0636 0.4278 -0.0472, 0.0558 0.438 -0.0394, 0.0558 0.438 -0.0472, 0.0509 0.4499 -0.0394, 0.0509 0.4499 -0.0472, 0.0492 0.4626 -0.0394, 0.0492 0.4626 -0.0472, 0.0492 0.5709 -0.0472, 0.0492 0.5709 -0.0394, 0.1476 0.5709 -0.0472, 0.1476 0.5709 -0.0394, 0.3445 0.4626 -0.0472, 0.3445 0.4626 -0.0394, 0.3428 0.4499 -0.0394, 0.3428 0.4499 -0.0472, 0.3379 0.438 -0.0394, 0.3379 0.438 -0.0472, 0.3301 0.4278 -0.0394, 0.3301 0.4278 -0.0472, 0.3199 0.42 -0.0394, 0.3199 0.42 -0.0472, 0.308 0.4151 -0.0394, 0.308 0.4151 -0.0472, 0.2953 0.4134 -0.0394, 0.2953 0.4134 -0.0472, 0.2825 0.4151 -0.0394, 0.2825 0.4151 -0.0472, 0.2707 0.42 -0.0394, 0.2707 0.42 -0.0472, 0.2605 0.4278 -0.0394, 0.2605 0.4278 -0.0472, 0.2527 0.438 -0.0394, 0.2527 0.438 -0.0472, 0.2477 0.4499 -0.0394, 0.2477 0.4499 -0.0472, 0.2461 0.4626 -0.0394, 0.2461 0.4626 -0.0472, 0.2461 0.5709 -0.0472, 0.2461 0.5709 -0.0394, 0.3445 0.5709 -0.0472, 0.3445 0.5709 -0.0394, -0.5906 0.3445 0.0, -0.5839 0.3445 -0.0048, -0.5906 0.2461 0.0, -0.5824 0.2461 -0.0063, -0.5825 0.3445 -0.0064, -0.5784 0.3445 -0.011, -0.5761 0.2461 -0.0144, -0.5763 0.3445 -0.0145, -0.5743 0.3445 -0.0181, -0.5722 0.2461 -0.0239, -0.5717 0.3445 -0.0259, -0.5724 0.3445 -0.024, -0.3445 0.5906 0.0, -0.2461 0.5906 0.0, -0.3445 0.5839 -0.0048, -0.2461 0.5839 -0.0048, -0.3445 0.5784 -0.011, -0.2461 0.5784 -0.011, -0.3445 0.5743 -0.0181, -0.2461 0.5743 -0.0181, -0.3445 0.5717 -0.0259, -0.2461 0.5717 -0.0259, -0.2461 -0.5906 0.0, -0.3445 -0.5906 0.0, -0.2461 -0.5824 -0.0063, -0.3445 -0.5824 -0.0063, -0.2461 -0.5761 -0.0144, -0.3445 -0.5761 -0.0144, -0.2461 -0.5722 -0.0239, -0.3445 -0.5722 -0.0239, 0.5906 0.3445 0.0, 0.5906 0.2461 0.0, 0.5839 0.3445 -0.0048, 0.5824 0.2461 -0.0063, 0.5825 0.3445 -0.0064, 0.5784 0.3445 -0.011, 0.5761 0.2461 -0.0144, 0.5763 0.3445 -0.0145, 0.5743 0.3445 -0.0181, 0.5722 0.2461 -0.0239, 0.5724 0.3445 -0.024, 0.5717 0.3445 -0.0259, -0.4232 -0.4724 0.3425, -0.4232 -0.4724 0.3465, -0.4249 -0.4597 0.3425, -0.4249 -0.4597 0.3465, -0.4298 -0.4478 0.3425, -0.4298 -0.4478 0.3465, -0.4376 -0.4376 0.3425, -0.4376 -0.4376 0.3465, -0.4478 -0.4298 0.3425, -0.4478 -0.4298 0.3465, -0.4597 -0.4249 0.3425, -0.4597 -0.4249 0.3465, -0.4724 -0.4232 0.3425, -0.4724 -0.4232 0.3465, -0.4852 -0.4249 0.3425, -0.4852 -0.4249 0.3465, -0.497 -0.4298 0.3425, -0.497 -0.4298 0.3465, -0.5072 -0.4376 0.3425, -0.5072 -0.4376 0.3465, -0.5151 -0.4478 0.3425, -0.5151 -0.4478 0.3465, -0.52 -0.4597 0.3425, -0.52 -0.4597 0.3465, -0.5217 -0.4724 0.3425, -0.5217 -0.4724 0.3465, -0.52 -0.4852 0.3425, -0.52 -0.4852 0.3465, -0.5151 -0.497 0.3425, -0.5151 -0.497 0.3465, -0.5072 -0.5072 0.3425, -0.5072 -0.5072 0.3465, -0.497 -0.5151 0.3425, -0.497 -0.5151 0.3465, -0.4852 -0.52 0.3425, -0.4852 -0.52 0.3465, -0.4724 -0.5217 0.3425, -0.4724 -0.5217 0.3465, -0.4597 -0.52 0.3425, -0.4597 -0.52 0.3465, -0.4478 -0.5151 0.3425, -0.4478 -0.5151 0.3465, -0.4376 -0.5072 0.3425, -0.4376 -0.5072 0.3465, -0.4298 -0.497 0.3425, -0.4298 -0.497 0.3465, -0.4249 -0.4852 0.3425, -0.4249 -0.4852 0.3465, -0.4724 -0.4724 0.3425, -0.1336 -0.3713 -0.0354, -0.1336 -0.3713 -0.0394, -0.1416 -0.3934 -0.0354, -0.1416 -0.3934 -0.0394, -0.1011 -0.3713 -0.0354, -0.1011 -0.3713 -0.0394, -0.0936 -0.3934 -0.0354, -0.0936 -0.3934 -0.0394, -0.082 -0.3934 -0.0354, -0.082 -0.3934 -0.0394, -0.1118 -0.3146 -0.0354, -0.1118 -0.3146 -0.0394, -0.1224 -0.3146 -0.0354, -0.1224 -0.3146 -0.0394, -0.1531 -0.3934 -0.0354, -0.1531 -0.3934 -0.0394, -0.1037 -0.3626 -0.0354, -0.1301 -0.3626 -0.0354, -0.1155 -0.3298 -0.0354, -0.1163 -0.327 -0.0354, -0.1168 -0.3242 -0.0354, -0.117 -0.3242 -0.0354, -0.1175 -0.327 -0.0354, -0.1182 -0.3298 -0.0354, -0.117 -0.3242 -0.0394, -0.1175 -0.327 -0.0394, -0.1182 -0.3298 -0.0394, -0.1168 -0.3242 -0.0394, -0.1155 -0.3298 -0.0394, -0.1163 -0.327 -0.0394, -0.1037 -0.3626 -0.0394, -0.1301 -0.3626 -0.0394, -0.0351 -0.3146 -0.0354, -0.0351 -0.3146 -0.0394, -0.0129 -0.3146 -0.0354, -0.0129 -0.3146 -0.0394, -0.0763 -0.353 -0.0354, -0.0763 -0.353 -0.0394, -0.0757 -0.3456 -0.0394, -0.0757 -0.3456 -0.0354, -0.0736 -0.3378 -0.0394, -0.0736 -0.3378 -0.0354, -0.0699 -0.3311 -0.0394, -0.0699 -0.3311 -0.0354, -0.0644 -0.3249 -0.0394, -0.0644 -0.3249 -0.0354, -0.0643 -0.3248 -0.0394, -0.0643 -0.3248 -0.0354, -0.0557 -0.3191 -0.0394, -0.0557 -0.3191 -0.0354, -0.0465 -0.3159 -0.0394, -0.0465 -0.3159 -0.0354, -0.0343 -0.3934 -0.0354, -0.0343 -0.3934 -0.0394, -0.0441 -0.3925 -0.0394, -0.0441 -0.3925 -0.0354, -0.0531 -0.3898 -0.0394, -0.0531 -0.3898 -0.0354, -0.0614 -0.385 -0.0394, -0.0614 -0.385 -0.0354, -0.0678 -0.3788 -0.0394, -0.0678 -0.3788 -0.0354, -0.0724 -0.3718 -0.0394, -0.0724 -0.3718 -0.0354, -0.0752 -0.3636 -0.0394, -0.0752 -0.3636 -0.0354, -0.0129 -0.3934 -0.0354, -0.0129 -0.3934 -0.0394, -0.0605 -0.3343 -0.0354, -0.0567 -0.3303 -0.0354, -0.0509 -0.3265 -0.0354, -0.0444 -0.3243 -0.0354, -0.0351 -0.3233 -0.0354, -0.0235 -0.3233 -0.0354, -0.0235 -0.3847 -0.0354, -0.0347 -0.3847 -0.0354, -0.043 -0.384 -0.0354, -0.0496 -0.3819 -0.0354, -0.055 -0.3787 -0.0354, -0.0594 -0.3743 -0.0354, -0.0627 -0.3689 -0.0354, -0.065 -0.3615 -0.0354, -0.0657 -0.3532 -0.0354, -0.0651 -0.3454 -0.0354, -0.0632 -0.3392 -0.0354, -0.0347 -0.3847 -0.0394, -0.0235 -0.3847 -0.0394, -0.0657 -0.3532 -0.0394, -0.065 -0.3615 -0.0394, -0.0627 -0.3689 -0.0394, -0.0594 -0.3743 -0.0394, -0.055 -0.3787 -0.0394, -0.0496 -0.3819 -0.0394, -0.043 -0.384 -0.0394, -0.0351 -0.3233 -0.0394, -0.0444 -0.3243 -0.0394, -0.0509 -0.3265 -0.0394, -0.0567 -0.3303 -0.0394, -0.0605 -0.3343 -0.0394, -0.0632 -0.3392 -0.0394, -0.0651 -0.3454 -0.0394, -0.0235 -0.3233 -0.0394, 0.0447 -0.3146 -0.0354, 0.0447 -0.3146 -0.0394, 0.0447 -0.3934 -0.0354, 0.0447 -0.3934 -0.0394, 0.0044 -0.3146 -0.0354, 0.0044 -0.3146 -0.0394, 0.0044 -0.3233 -0.0354, 0.0044 -0.3233 -0.0394, 0.0341 -0.3233 -0.0354, 0.0341 -0.3233 -0.0394, 0.0341 -0.3492 -0.0354, 0.0341 -0.3492 -0.0394, 0.0063 -0.3492 -0.0354, 0.0063 -0.3492 -0.0394, 0.0063 -0.3578 -0.0354, 0.0063 -0.3578 -0.0394, 0.0341 -0.3578 -0.0354, 0.0341 -0.3578 -0.0394, 0.0341 -0.3847 -0.0354, 0.0341 -0.3847 -0.0394, 0.0025 -0.3847 -0.0354, 0.0025 -0.3847 -0.0394, 0.0025 -0.3934 -0.0354, 0.0025 -0.3934 -0.0394, 0.1186 -0.3555 -0.0354, 0.1186 -0.3555 -0.0394, 0.1179 -0.3646 -0.0394, 0.1179 -0.3646 -0.0354, 0.1155 -0.3729 -0.0394, 0.1155 -0.3729 -0.0354, 0.1113 -0.3804 -0.0394, 0.1113 -0.3804 -0.0354, 0.1054 -0.3867 -0.0394, 0.1054 -0.3867 -0.0354, 0.0991 -0.3907 -0.0394, 0.0991 -0.3907 -0.0354, 0.0914 -0.3933 -0.0394, 0.0914 -0.3933 -0.0354, 0.0817 -0.3943 -0.0354, 0.0864 -0.3939 -0.0394, 0.0817 -0.3943 -0.0394, 0.0786 -0.3137 -0.0394, 0.0845 -0.3142 -0.0394, 0.0786 -0.3137 -0.0354, 0.0865 -0.3143 -0.0354, 0.0865 -0.3143 -0.0394, 0.0953 -0.3169 -0.0394, 0.0953 -0.3169 -0.0354, 0.1028 -0.3212 -0.0394, 0.1028 -0.3212 -0.0354, 0.1099 -0.328 -0.0394, 0.1099 -0.328 -0.0354, 0.1145 -0.3354 -0.0394, 0.1145 -0.3354 -0.0354, 0.1175 -0.3443 -0.0394, 0.1175 -0.3443 -0.0354, 0.0716 -0.3142 -0.0394, 0.0692 -0.3143 -0.0354, 0.0692 -0.3143 -0.0394, 0.0601 -0.3168 -0.0354, 0.0601 -0.3168 -0.0394, 0.0601 -0.3274 -0.0354, 0.0601 -0.3274 -0.0394, 0.0785 -0.3223 -0.0354, 0.0785 -0.3223 -0.0394, 0.0689 -0.3236 -0.0394, 0.0689 -0.3236 -0.0354, 0.1081 -0.3548 -0.0354, 0.1081 -0.3548 -0.0394, 0.1077 -0.3487 -0.0394, 0.1077 -0.3487 -0.0354, 0.1056 -0.3403 -0.0394, 0.1056 -0.3403 -0.0354, 0.1024 -0.3342 -0.0394, 0.1024 -0.3342 -0.0354, 0.0976 -0.329 -0.0394, 0.0976 -0.329 -0.0354, 0.0922 -0.3253 -0.0394, 0.0922 -0.3253 -0.0354, 0.0863 -0.3232 -0.0394, 0.0863 -0.3232 -0.0354, 0.0803 -0.3857 -0.0354, 0.0803 -0.3857 -0.0394, 0.0876 -0.3849 -0.0394, 0.0876 -0.3849 -0.0354, 0.0934 -0.3828 -0.0394, 0.0934 -0.3828 -0.0354, 0.0982 -0.3795 -0.0394, 0.0982 -0.3795 -0.0354, 0.1019 -0.3756 -0.0394, 0.1019 -0.3756 -0.0354, 0.1051 -0.3701 -0.0394, 0.1051 -0.3701 -0.0354, 0.1073 -0.3634 -0.0394, 0.1073 -0.3634 -0.0354, 0.0601 -0.3807 -0.0354, 0.0601 -0.3807 -0.0394, 0.0615 -0.3814 -0.0394, 0.0615 -0.3814 -0.0354, 0.0698 -0.3845 -0.0394, 0.0698 -0.3845 -0.0354, 0.0601 -0.3893 -0.0354, 0.0601 -0.3893 -0.0394, 0.0685 -0.3927 -0.0354, 0.0796 -0.3943 -0.0394, 0.0796 -0.3943 -0.0354, 0.0764 -0.3939 -0.0394, 0.0685 -0.3927 -0.0394, 0.1657 -0.3146 -0.0354, 0.1657 -0.3146 -0.0394, 0.1657 -0.3934 -0.0354, 0.1657 -0.3934 -0.0394, 0.1551 -0.3146 -0.0354, 0.1551 -0.3146 -0.0394, 0.1551 -0.3847 -0.0354, 0.1551 -0.3847 -0.0394, 0.1254 -0.3847 -0.0354, 0.1254 -0.3847 -0.0394, 0.1254 -0.3934 -0.0354, 0.1254 -0.3934 -0.0394, 0.1254 -0.3934 -0.0394
            ]
        }
        coordIndex [
            0,1,2,-1,2,1,3,-1,2,3,4,-1,4,3,5,-1,6,7,8,-1,8,7,9,-1,8,9,10,-1,10,9,11,-1,12,13,14,-1,14,13,15,-1,14,15,16,-1,16,15,17,-1,18,19,20,-1,20,19,21,-1,20,21,22,-1,22,21,23,-1,24,25,26,-1,26,25,27,-1,28,24,29,-1,29,24,26,-1,30,28,31,-1,31,28,29,-1,32,30,33,-1,33,30,31,-1,25,32,27,-1,27,32,33,-1,30,32,28,-1,28,32,25,-1,28,25,24,-1,34,35,36,-1,36,35,37,-1,34,36,38,-1,34,38,39,-1,39,38,40,-1,39,40,41,-1,41,40,42,-1,41,42,43,-1,43,42,44,-1,43,44,45,-1,45,44,46,-1,45,46,47,-1,47,46,48,-1,47,48,49,-1,49,48,50,-1,49,50,51,-1,51,50,52,-1,51,52,53,-1,53,52,54,-1,53,54,55,-1,55,54,56,-1,55,56,57,-1,57,56,58,-1,57,58,59,-1,59,58,60,-1,59,60,61,-1,62,61,63,-1,63,61,60,-1,62,35,61,-1,61,35,34,-1,39,53,34,-1,34,53,55,-1,55,57,34,-1,34,57,59,-1,34,59,61,-1,41,49,39,-1,39,49,51,-1,39,51,53,-1,41,43,49,-1,49,43,45,-1,49,45,47,-1,64,65,66,-1,66,65,67,-1,64,66,68,-1,64,68,69,-1,69,68,70,-1,69,70,71,-1,71,70,72,-1,71,72,73,-1,73,72,74,-1,73,74,75,-1,75,74,76,-1,75,76,77,-1,77,76,78,-1,77,78,79,-1,79,78,80,-1,79,80,81,-1,81,80,82,-1,81,82,83,-1,83,82,84,-1,83,84,85,-1,85,84,86,-1,85,86,87,-1,87,86,88,-1,87,88,89,-1,89,88,90,-1,89,90,91,-1,92,91,93,-1,93,91,90,-1,92,65,91,-1,91,65,64,-1,91,64,69,-1,75,77,83,-1,83,77,79,-1,83,79,81,-1,75,83,73,-1,73,83,85,-1,73,85,87,-1,69,71,91,-1,91,71,73,-1,91,73,89,-1,89,73,87,-1,94,95,96,-1,96,95,97,-1,94,96,98,-1,94,98,99,-1,99,98,100,-1,99,100,101,-1,101,100,102,-1,101,102,103,-1,103,102,104,-1,103,104,105,-1,105,104,106,-1,105,106,107,-1,107,106,108,-1,107,108,109,-1,109,108,110,-1,109,110,111,-1,111,110,112,-1,111,112,113,-1,113,112,114,-1,113,114,115,-1,115,114,116,-1,115,116,117,-1,117,116,118,-1,117,118,119,-1,119,118,120,-1,119,120,121,-1,122,121,123,-1,123,121,120,-1,121,122,95,-1,95,94,121,-1,121,94,99,-1,121,99,101,-1,101,103,121,-1,121,103,105,-1,121,105,107,-1,107,109,121,-1,121,109,111,-1,121,111,113,-1,113,115,121,-1,121,115,117,-1,121,117,119,-1,124,125,126,-1,126,125,127,-1,124,126,128,-1,124,128,129,-1,129,128,130,-1,129,130,131,-1,131,130,132,-1,131,132,133,-1,133,132,134,-1,133,134,135,-1,135,134,136,-1,135,136,137,-1,137,136,138,-1,137,138,139,-1,139,138,140,-1,139,140,141,-1,141,140,142,-1,141,142,143,-1,143,142,144,-1,143,144,145,-1,145,144,146,-1,145,146,147,-1,147,146,148,-1,147,148,149,-1,149,148,150,-1,149,150,151,-1,152,151,153,-1,153,151,150,-1,151,152,125,-1,125,124,151,-1,151,124,129,-1,151,129,131,-1,131,133,151,-1,151,133,135,-1,151,135,137,-1,137,139,151,-1,151,139,141,-1,151,141,143,-1,143,145,151,-1,151,145,147,-1,151,147,149,-1,154,5,155,-1,155,5,3,-1,154,155,156,-1,154,156,157,-1,157,156,158,-1,157,158,159,-1,159,158,160,-1,159,160,161,-1,161,160,162,-1,161,162,163,-1,163,162,164,-1,163,164,165,-1,165,164,166,-1,165,166,167,-1,167,166,168,-1,167,168,169,-1,169,168,170,-1,169,170,171,-1,171,170,172,-1,171,172,173,-1,173,172,174,-1,173,174,175,-1,175,174,176,-1,175,176,177,-1,177,176,178,-1,177,178,179,-1,4,179,2,-1,2,179,178,-1,4,5,179,-1,179,5,154,-1,179,154,157,-1,163,165,171,-1,171,165,167,-1,171,167,169,-1,163,171,161,-1,161,171,173,-1,161,173,175,-1,157,159,179,-1,179,159,161,-1,179,161,177,-1,177,161,175,-1,180,181,182,-1,180,182,183,-1,183,182,184,-1,183,184,185,-1,185,184,186,-1,185,186,187,-1,187,186,188,-1,187,188,189,-1,189,188,190,-1,189,190,191,-1,191,190,192,-1,191,192,193,-1,193,192,194,-1,193,194,195,-1,195,194,196,-1,195,196,197,-1,197,196,198,-1,197,198,199,-1,199,198,200,-1,199,200,201,-1,201,200,202,-1,201,202,203,-1,203,202,204,-1,203,204,205,-1,16,205,14,-1,14,205,204,-1,180,17,181,-1,181,17,15,-1,16,17,205,-1,205,17,180,-1,180,183,205,-1,205,183,185,-1,205,185,187,-1,193,195,197,-1,189,201,187,-1,187,201,203,-1,187,203,205,-1,189,191,201,-1,201,191,193,-1,201,193,199,-1,199,193,197,-1,206,207,208,-1,206,208,209,-1,209,208,210,-1,209,210,211,-1,211,210,212,-1,211,212,213,-1,213,212,214,-1,213,214,215,-1,215,214,216,-1,215,216,217,-1,217,216,218,-1,217,218,219,-1,219,218,220,-1,219,220,221,-1,221,220,222,-1,221,222,223,-1,223,222,224,-1,223,224,225,-1,225,224,226,-1,225,226,227,-1,227,226,228,-1,227,228,229,-1,229,228,230,-1,229,230,231,-1,232,231,233,-1,233,231,230,-1,206,234,207,-1,207,234,235,-1,231,232,234,-1,234,206,231,-1,231,206,209,-1,231,209,211,-1,211,213,231,-1,231,213,215,-1,231,215,217,-1,217,219,231,-1,231,219,221,-1,231,221,223,-1,223,225,231,-1,231,225,227,-1,231,227,229,-1,236,237,238,-1,236,238,239,-1,239,238,240,-1,239,240,241,-1,241,240,242,-1,241,242,243,-1,243,242,244,-1,243,244,245,-1,245,244,246,-1,245,246,247,-1,247,246,248,-1,247,248,249,-1,249,248,250,-1,249,250,251,-1,251,250,252,-1,251,252,253,-1,253,252,254,-1,253,254,255,-1,255,254,256,-1,255,256,257,-1,257,256,258,-1,257,258,259,-1,259,258,260,-1,259,260,261,-1,262,261,263,-1,263,261,260,-1,236,264,237,-1,237,264,265,-1,262,264,261,-1,261,264,236,-1,261,236,239,-1,245,247,243,-1,243,247,249,-1,243,249,251,-1,251,253,243,-1,243,253,255,-1,243,255,257,-1,239,241,261,-1,261,241,243,-1,261,243,259,-1,259,243,257,-1,266,267,268,-1,266,268,269,-1,269,268,270,-1,269,270,271,-1,271,270,272,-1,271,272,273,-1,273,272,274,-1,273,274,275,-1,275,274,276,-1,275,276,277,-1,277,276,278,-1,277,278,279,-1,279,278,280,-1,279,280,281,-1,281,280,282,-1,281,282,283,-1,283,282,284,-1,283,284,285,-1,285,284,286,-1,285,286,287,-1,287,286,288,-1,287,288,289,-1,289,288,290,-1,289,290,291,-1,292,291,293,-1,293,291,290,-1,266,294,267,-1,267,294,295,-1,292,294,291,-1,291,294,266,-1,266,269,291,-1,291,269,271,-1,291,271,273,-1,279,281,283,-1,275,287,273,-1,273,287,289,-1,273,289,291,-1,275,277,287,-1,287,277,279,-1,287,279,285,-1,285,279,283,-1,296,297,298,-1,298,297,299,-1,296,298,300,-1,296,300,301,-1,301,300,302,-1,301,302,303,-1,303,302,304,-1,303,304,305,-1,305,304,306,-1,305,306,307,-1,307,306,308,-1,307,308,309,-1,309,308,310,-1,309,310,311,-1,311,310,312,-1,311,312,313,-1,313,312,314,-1,313,314,315,-1,315,314,316,-1,315,316,317,-1,317,316,318,-1,317,318,319,-1,319,318,320,-1,319,320,321,-1,321,320,322,-1,321,322,323,-1,324,323,325,-1,325,323,322,-1,313,315,323,-1,324,297,323,-1,323,297,296,-1,323,296,301,-1,301,303,323,-1,323,303,305,-1,323,305,307,-1,307,309,323,-1,323,309,311,-1,323,311,313,-1,315,317,323,-1,323,317,319,-1,323,319,321,-1,326,327,328,-1,328,327,329,-1,326,328,330,-1,326,330,331,-1,331,330,332,-1,331,332,333,-1,333,332,334,-1,333,334,335,-1,335,334,336,-1,335,336,337,-1,337,336,338,-1,337,338,339,-1,339,338,340,-1,339,340,341,-1,341,340,342,-1,341,342,343,-1,343,342,344,-1,343,344,345,-1,345,344,346,-1,345,346,347,-1,347,346,348,-1,347,348,349,-1,349,348,350,-1,349,350,351,-1,351,350,352,-1,351,352,353,-1,354,353,355,-1,355,353,352,-1,331,333,335,-1,339,341,326,-1,326,341,343,-1,343,345,326,-1,326,345,347,-1,326,347,349,-1,354,327,353,-1,353,327,326,-1,353,326,351,-1,351,326,349,-1,331,335,326,-1,326,335,337,-1,326,337,339,-1,356,6,357,-1,357,6,8,-1,356,357,358,-1,356,358,359,-1,359,358,360,-1,359,360,361,-1,361,360,362,-1,361,362,363,-1,363,362,364,-1,363,364,365,-1,365,364,366,-1,365,366,367,-1,367,366,368,-1,367,368,369,-1,369,368,370,-1,369,370,371,-1,371,370,372,-1,371,372,373,-1,373,372,374,-1,373,374,375,-1,375,374,376,-1,375,376,377,-1,377,376,378,-1,377,378,379,-1,379,378,380,-1,379,380,381,-1,7,381,9,-1,9,381,380,-1,7,6,381,-1,381,6,356,-1,359,373,356,-1,356,373,375,-1,375,377,356,-1,356,377,379,-1,356,379,381,-1,361,369,359,-1,359,369,371,-1,359,371,373,-1,361,363,369,-1,369,363,365,-1,369,365,367,-1,382,383,384,-1,382,384,385,-1,385,384,386,-1,385,386,387,-1,387,386,388,-1,387,388,389,-1,389,388,390,-1,389,390,391,-1,391,390,392,-1,391,392,393,-1,393,392,394,-1,393,394,395,-1,395,394,396,-1,395,396,397,-1,397,396,398,-1,397,398,399,-1,399,398,400,-1,399,400,401,-1,401,400,402,-1,401,402,403,-1,403,402,404,-1,403,404,405,-1,405,404,406,-1,405,406,407,-1,22,407,20,-1,20,407,406,-1,382,23,383,-1,383,23,21,-1,397,399,382,-1,382,399,401,-1,382,401,403,-1,397,382,395,-1,395,382,385,-1,395,385,387,-1,22,23,407,-1,407,23,382,-1,407,382,405,-1,405,382,403,-1,387,389,395,-1,395,389,391,-1,395,391,393,-1,408,409,410,-1,408,410,411,-1,411,410,412,-1,411,412,413,-1,413,412,414,-1,413,414,415,-1,415,414,416,-1,415,416,417,-1,417,416,418,-1,417,418,419,-1,419,418,420,-1,419,420,421,-1,421,420,422,-1,421,422,423,-1,423,422,424,-1,423,424,425,-1,425,424,426,-1,425,426,427,-1,427,426,428,-1,427,428,429,-1,429,428,430,-1,429,430,431,-1,431,430,432,-1,431,432,433,-1,434,433,435,-1,435,433,432,-1,408,436,409,-1,409,436,437,-1,433,434,436,-1,436,408,433,-1,433,408,411,-1,433,411,413,-1,413,415,433,-1,433,415,417,-1,433,417,431,-1,431,417,419,-1,431,419,421,-1,421,423,431,-1,431,423,425,-1,431,425,429,-1,429,425,427,-1,438,439,440,-1,438,440,441,-1,441,440,442,-1,441,442,443,-1,443,442,444,-1,443,444,445,-1,445,444,446,-1,445,446,447,-1,447,446,448,-1,447,448,449,-1,449,448,450,-1,449,450,451,-1,451,450,452,-1,451,452,453,-1,453,452,454,-1,453,454,455,-1,455,454,456,-1,455,456,457,-1,457,456,458,-1,457,458,459,-1,459,458,460,-1,459,460,461,-1,461,460,462,-1,461,462,463,-1,464,463,465,-1,465,463,462,-1,438,466,439,-1,439,466,467,-1,463,464,466,-1,466,438,463,-1,463,438,441,-1,463,441,443,-1,443,445,463,-1,463,445,447,-1,463,447,461,-1,461,447,449,-1,461,449,451,-1,451,453,461,-1,461,453,455,-1,461,455,459,-1,459,455,457,-1,468,469,470,-1,468,470,471,-1,471,470,472,-1,471,472,473,-1,473,472,474,-1,473,474,475,-1,475,474,476,-1,475,476,477,-1,477,476,478,-1,477,478,479,-1,479,478,480,-1,479,480,481,-1,481,480,482,-1,481,482,483,-1,483,482,484,-1,483,484,485,-1,485,484,486,-1,485,486,487,-1,487,486,488,-1,487,488,489,-1,489,488,490,-1,489,490,491,-1,491,490,492,-1,491,492,493,-1,494,493,495,-1,495,493,492,-1,468,496,469,-1,469,496,497,-1,483,485,468,-1,468,485,487,-1,468,487,489,-1,483,468,481,-1,481,468,471,-1,481,471,473,-1,494,496,493,-1,493,496,468,-1,493,468,491,-1,491,468,489,-1,473,475,481,-1,481,475,477,-1,481,477,479,-1,498,499,500,-1,500,499,501,-1,499,502,501,-1,501,502,503,-1,501,503,504,-1,503,505,504,-1,504,505,506,-1,504,506,507,-1,13,12,508,-1,508,12,507,-1,508,507,509,-1,509,507,506,-1,510,511,512,-1,512,511,513,-1,512,513,514,-1,514,513,515,-1,514,515,516,-1,516,515,517,-1,516,517,518,-1,518,517,519,-1,518,519,18,-1,18,519,19,-1,520,521,522,-1,522,521,523,-1,522,523,524,-1,524,523,525,-1,524,525,526,-1,526,525,527,-1,526,527,11,-1,11,527,10,-1,528,529,530,-1,530,529,531,-1,530,531,532,-1,532,531,533,-1,533,531,534,-1,533,534,535,-1,535,534,536,-1,536,534,537,-1,536,537,538,-1,538,537,539,-1,539,537,1,-1,539,1,0,-1,540,541,542,-1,542,541,543,-1,542,543,544,-1,544,543,545,-1,544,545,546,-1,546,545,547,-1,546,547,548,-1,548,547,549,-1,548,549,550,-1,550,549,551,-1,550,551,552,-1,552,551,553,-1,552,553,554,-1,554,553,555,-1,554,555,556,-1,556,555,557,-1,556,557,558,-1,558,557,559,-1,558,559,560,-1,560,559,561,-1,560,561,562,-1,562,561,563,-1,562,563,564,-1,564,563,565,-1,564,565,566,-1,566,565,567,-1,566,567,568,-1,568,567,569,-1,568,569,570,-1,570,569,571,-1,570,571,572,-1,572,571,573,-1,572,573,574,-1,574,573,575,-1,574,575,576,-1,576,575,577,-1,576,577,578,-1,578,577,579,-1,578,579,580,-1,580,579,581,-1,580,581,582,-1,582,581,583,-1,582,583,584,-1,584,583,585,-1,584,585,586,-1,586,585,587,-1,586,587,540,-1,540,587,541,-1,584,586,588,-1,588,586,540,-1,588,540,542,-1,578,580,588,-1,588,580,582,-1,588,582,584,-1,572,574,588,-1,588,574,576,-1,588,576,578,-1,566,568,588,-1,588,568,570,-1,588,570,572,-1,560,562,588,-1,588,562,564,-1,588,564,566,-1,554,556,588,-1,588,556,558,-1,588,558,560,-1,548,550,588,-1,588,550,552,-1,588,552,554,-1,542,544,588,-1,588,544,546,-1,588,546,548,-1,589,590,591,-1,591,590,592,-1,593,594,589,-1,589,594,590,-1,595,596,593,-1,593,596,594,-1,597,598,595,-1,595,598,596,-1,599,600,597,-1,597,600,598,-1,601,602,599,-1,599,602,600,-1,603,604,601,-1,601,604,602,-1,603,591,604,-1,604,591,592,-1,605,593,606,-1,606,593,589,-1,607,599,605,-1,605,599,597,-1,605,597,593,-1,593,597,595,-1,607,608,599,-1,599,608,609,-1,599,609,601,-1,601,609,610,-1,601,610,611,-1,611,612,601,-1,601,612,606,-1,601,606,603,-1,603,606,589,-1,603,589,591,-1,610,613,614,-1,610,614,611,-1,611,614,615,-1,611,615,612,-1,609,616,610,-1,610,616,613,-1,607,617,618,-1,607,618,608,-1,608,618,616,-1,608,616,609,-1,605,619,607,-1,607,619,617,-1,606,620,605,-1,605,620,619,-1,615,620,612,-1,612,620,606,-1,621,622,623,-1,623,622,624,-1,625,626,627,-1,625,627,628,-1,628,627,629,-1,628,629,630,-1,630,629,631,-1,630,631,632,-1,632,631,633,-1,632,633,634,-1,634,633,635,-1,634,635,636,-1,636,635,637,-1,636,637,638,-1,638,637,639,-1,638,639,640,-1,640,639,622,-1,640,622,621,-1,641,642,643,-1,641,643,644,-1,644,643,645,-1,644,645,646,-1,646,645,647,-1,646,647,648,-1,648,647,649,-1,648,649,650,-1,650,649,651,-1,650,651,652,-1,652,651,653,-1,652,653,654,-1,654,653,626,-1,654,626,625,-1,655,656,641,-1,641,656,642,-1,655,623,656,-1,656,623,624,-1,630,632,657,-1,657,632,634,-1,657,634,658,-1,658,634,636,-1,658,636,659,-1,659,636,638,-1,659,638,660,-1,660,638,640,-1,660,640,661,-1,661,640,621,-1,661,621,662,-1,662,621,623,-1,662,623,663,-1,663,623,655,-1,663,655,664,-1,664,655,641,-1,664,641,665,-1,665,641,644,-1,665,644,666,-1,666,644,646,-1,666,646,667,-1,667,646,648,-1,667,648,668,-1,668,648,650,-1,668,650,669,-1,669,650,652,-1,669,652,670,-1,670,652,654,-1,670,654,671,-1,671,654,625,-1,671,625,672,-1,672,625,628,-1,672,628,673,-1,673,628,630,-1,673,630,657,-1,664,674,663,-1,663,674,675,-1,671,676,677,-1,671,677,670,-1,670,677,678,-1,670,678,669,-1,669,678,679,-1,669,679,668,-1,668,679,680,-1,668,680,667,-1,667,680,681,-1,667,681,666,-1,666,681,682,-1,666,682,665,-1,665,682,674,-1,665,674,664,-1,661,683,684,-1,661,684,660,-1,660,684,685,-1,660,685,659,-1,659,685,686,-1,659,686,658,-1,658,686,687,-1,658,687,657,-1,657,687,688,-1,657,688,673,-1,673,688,689,-1,673,689,672,-1,672,689,676,-1,672,676,671,-1,662,690,661,-1,661,690,683,-1,675,690,663,-1,663,690,662,-1,691,692,693,-1,693,692,694,-1,695,696,691,-1,691,696,692,-1,697,698,695,-1,695,698,696,-1,699,700,697,-1,697,700,698,-1,701,702,699,-1,699,702,700,-1,703,704,701,-1,701,704,702,-1,705,706,703,-1,703,706,704,-1,707,708,705,-1,705,708,706,-1,709,710,707,-1,707,710,708,-1,711,712,709,-1,709,712,710,-1,713,714,711,-1,711,714,712,-1,713,693,714,-1,714,693,694,-1,693,713,711,-1,711,709,693,-1,693,709,707,-1,693,707,691,-1,697,695,699,-1,699,695,691,-1,699,691,701,-1,701,691,707,-1,701,707,703,-1,703,707,705,-1,715,716,717,-1,715,717,718,-1,718,717,719,-1,718,719,720,-1,720,719,721,-1,720,721,722,-1,722,721,723,-1,722,723,724,-1,724,723,725,-1,724,725,726,-1,726,725,727,-1,726,727,728,-1,728,727,729,-1,729,727,730,-1,729,730,731,-1,732,733,734,-1,734,733,735,-1,733,736,735,-1,735,736,737,-1,735,737,738,-1,738,737,739,-1,738,739,740,-1,740,739,741,-1,740,741,742,-1,742,741,743,-1,742,743,744,-1,744,743,745,-1,744,745,746,-1,746,745,716,-1,746,716,715,-1,732,734,747,-1,747,734,748,-1,747,748,749,-1,749,748,750,-1,749,750,751,-1,752,753,750,-1,750,753,751,-1,754,755,756,-1,754,756,757,-1,757,756,753,-1,757,753,752,-1,758,759,760,-1,758,760,761,-1,761,760,762,-1,761,762,763,-1,763,762,764,-1,763,764,765,-1,765,764,766,-1,765,766,767,-1,767,766,768,-1,767,768,769,-1,769,768,770,-1,769,770,771,-1,771,770,755,-1,771,755,754,-1,772,773,774,-1,772,774,775,-1,775,774,776,-1,775,776,777,-1,777,776,778,-1,777,778,779,-1,779,778,780,-1,779,780,781,-1,781,780,782,-1,781,782,783,-1,783,782,784,-1,783,784,785,-1,785,784,759,-1,785,759,758,-1,786,787,788,-1,786,788,789,-1,789,788,790,-1,789,790,791,-1,791,790,773,-1,791,773,772,-1,792,793,786,-1,786,793,787,-1,793,792,794,-1,729,731,795,-1,729,795,796,-1,796,795,797,-1,796,797,794,-1,794,797,798,-1,794,798,793,-1,775,729,772,-1,772,729,796,-1,772,796,791,-1,791,796,794,-1,791,794,789,-1,789,794,792,-1,789,792,786,-1,752,750,757,-1,757,750,748,-1,757,748,754,-1,754,748,734,-1,754,734,771,-1,771,734,735,-1,771,735,769,-1,769,735,738,-1,769,738,767,-1,767,738,740,-1,767,740,765,-1,765,740,742,-1,765,742,763,-1,763,742,744,-1,763,744,761,-1,761,744,746,-1,761,746,758,-1,758,746,715,-1,758,715,785,-1,785,715,718,-1,785,718,783,-1,783,718,720,-1,783,720,781,-1,781,720,722,-1,781,722,779,-1,779,722,724,-1,779,724,777,-1,777,724,726,-1,777,726,775,-1,775,726,728,-1,775,728,729,-1,799,800,801,-1,801,800,802,-1,803,804,799,-1,799,804,800,-1,805,806,803,-1,803,806,804,-1,807,808,805,-1,805,808,806,-1,809,810,807,-1,807,810,808,-1,809,801,810,-1,810,801,802,-1,803,799,805,-1,805,799,801,-1,805,801,807,-1,807,801,809,-1,
        ]
    }
}
Shape{
    appearance Appearance {
        material  Material 	{
            diffuseColor 0.20784313725490197 0.20784313725490197 0.20784313725490197
            specularColor 0.01568627450980392 0.01568627450980392 0.01568627450980392
            ambientIntensity 0.2
            transparency 0
            shininess 0.5
        }
    }
    geometry IndexedFaceSet {
        ccw TRUE
        solid FALSE
        coord DEF co Coordinate {
            point [
                -0.1037 -0.3626 -0.0394, -0.1301 -0.3626 -0.0394, -0.1155 -0.3298 -0.0394, -0.1182 -0.3298 -0.0394, -0.1163 -0.327 -0.0394, -0.1175 -0.327 -0.0394, -0.1168 -0.3242 -0.0394, -0.117 -0.3242 -0.0394, -0.0235 -0.3233 -0.0394, -0.0235 -0.3847 -0.0394, -0.0351 -0.3233 -0.0394, -0.0347 -0.3847 -0.0394, -0.043 -0.384 -0.0394, -0.0657 -0.3532 -0.0394, -0.0651 -0.3454 -0.0394, -0.0632 -0.3392 -0.0394, -0.0444 -0.3243 -0.0394, -0.0496 -0.3819 -0.0394, -0.055 -0.3787 -0.0394, -0.0594 -0.3743 -0.0394, -0.0627 -0.3689 -0.0394, -0.065 -0.3615 -0.0394, -0.0605 -0.3343 -0.0394, -0.0567 -0.3303 -0.0394, -0.0509 -0.3265 -0.0394, -0.0509 -0.3265 -0.0394
            ]
        }
        coordIndex [
            0,1,2,-1,2,1,3,-1,2,3,4,-1,4,3,5,-1,4,5,6,-1,6,5,7,-1,8,9,10,-1,10,9,11,-1,10,11,12,-1,13,14,10,-1,10,14,15,-1,10,15,16,-1,12,17,10,-1,10,17,18,-1,10,18,19,-1,19,20,10,-1,10,20,21,-1,10,21,13,-1,22,23,15,-1,15,23,24,-1,15,24,16,-1,
        ]
    }
}